state,statehouse_district_number,full_name,first_name,middle_name,last_name,suffix,party_code,incumbent_status,withdrew_status,disqualified_status,notes,district_name,county_name,county_fips,count,predicted_gender,gender_prob
NV,1,Garland Brinkley,Garland,NA,Brinkley,NA,100,0,0,0,NA,State House District 1,Clark,003,762,male,0.91
NV,1,Daniele Monroe-Moreno,Daniele,NA,Monroe-Moreno,NA,200,1,0,0,NA,State House District 1,Clark,003,226214,male,0.92
NV,2,Heidi Kasama,Heidi,NA,Kasama,NA,100,1,0,0,NA,State House District 2,Clark,003,184989,female,1
NV,2,Ron Nelsen,Ron,NA,Nelsen,NA,200,0,0,0,NA,State House District 2,Clark,003,314252,male,0.99
NV,3,"Maximillian ""Millian"" Quinteros",Maximillian,Millian,Quinteros,NA,300,0,1,0,Libertarian Party,State House District 3,Clark,003,2131,male,0.99
NV,3,Michele Rizza,Michele,NA,Rizza,NA,100,0,0,0,NA,State House District 3,Clark,003,544350,female,0.54
NV,3,Selena Elizabeth Torres,Selena,Elizabeth,Torres,NA,200,1,0,0,NA,State House District 3,Clark,003,39788,female,0.99
NV,4,Lisa Cole,Lisa,NA,Cole,NA,100,0,0,0,NA,State House District 4,Clark,003,990101,female,1
NV,4,Ryan Hampton,Ryan,NA,Hampton,NA,200,0,0,0,NA,State House District 4,Clark,003,645787,male,0.99
NV,5,Alan Bigelow,Alan,NA,Bigelow,NA,100,0,0,0,NA,State House District 5,Clark,003,513691,male,1
NV,5,Kelly Quinn,Kelly,NA,Quinn,NA,100,0,0,0,NA,State House District 5,Clark,003,194757,female,0.91
NV,5,Brittney M. Miller,Brittney,M.,Miller,NA,200,1,0,0,NA,State House District 5,Clark,003,37614,female,1
NV,5,Ronald Morgan,Ronald,NA,Morgan,NA,300,0,0,0,Libertarian Party,State House District 5,Clark,003,311164,male,1
NV,6,Jovan Alexander Jackson,Jovan,Alexander,Jackson,NA,200,0,0,0,NA,State House District 6,Clark,003,8178,male,0.97
NV,6,"Derek A. ""Bish"" Rimson",Derek,"A ""Bish""",Rimson,NA,200,0,0,0,NA,State House District 6,Clark,003,188366,male,1
NV,6,Geraldine Lewis,Geraldine,NA,Lewis,NA,100,0,1,0,NA,State House District 6,Clark,003,88248,female,0.99
NV,6,"Nephi ""Khaliki"" Oliva",Nephi,Khaliki,Oliva,NA,100,0,0,0,NA,State House District 6,Clark,003,379,male,0.98
NV,6,"Walter ""Boo"" Jones III",Walter,Boo,Jones,III,300,0,0,0,No Political Party,State House District 6,Clark,003,348479,male,1
NV,7,James M. Fennell,James,M.,Fennell,NA,200,0,0,0,NA,State House District 7,Clark,003,1458986,male,1
NV,7,Tanya Flanagan,Tanya,NA,Flanagan,NA,200,0,0,0,NA,State House District 7,Clark,003,170698,female,1
NV,8,Kelly Chapman,Kelly,NA,Chapman,NA,100,0,0,0,NA,State House District 8,Clark,003,194757,female,0.91
NV,8,Duy Nguyen,Duy,NA,Nguyen,NA,200,1,0,0,NA,State House District 8,Clark,003,10899,male,0.99
NV,9,Adeline Celio,Adeline,NA,Celio,NA,200,0,0,0,NA,State House District 9,Clark,003,61178,female,0.99
NV,9,Steve Yeager,Steve,NA,Yeager,NA,200,1,0,0,NA,State House District 9,Clark,003,864950,male,1
NV,9,Erica A. Neely,Erica,A.,Neely,NA,100,0,0,0,NA,State House District 9,Clark,003,243089,female,1
NV,10,Kyle Greenwood,Kyle,NA,Greenwood,NA,200,0,0,0,NA,State House District 10,Clark,003,272309,male,0.99
NV,10,Venise L. Karris,Venise,L.,Karris,NA,200,0,0,0,NA,State House District 10,Clark,003,990,female,0.98
NV,10,Val Thomason,Val,NA,Thomason,NA,200,0,0,0,NA,State House District 10,Clark,003,36528,female,0.72
NV,10,Sean Moore,Sean,NA,Moore,NA,300,0,0,0,Libertarian Party,State House District 10,Clark,003,368739,male,1
NV,11,Thomas Lambert,Thomas,NA,Lambert,NA,200,0,0,0,NA,State House District 11,Clark,003,1246099,male,1
NV,11,Cinthia Moore,Cinthia,NA,Moore,NA,200,0,0,0,NA,State House District 11,Clark,003,47048,female,1
NV,11,Jeffrey A. Lustick,Jeffrey,A.,Lustick,NA,100,0,0,0,NA,State House District 11,Clark,003,270873,male,1
NV,11,Anthony Manesa,Anthony,NA,Manesa,NA,100,0,0,0,NA,State House District 11,Clark,003,804081,male,1
NV,12,Max Carter II,Max,NA,Carter,II,200,1,0,0,NA,State House District 12,Clark,003,403428,male,0.99
NV,12,Nancy S. Roecker,Nancy,S.,Roecker,NA,100,0,0,0,NA,State House District 12,Clark,003,668231,female,1
NV,12,Al Rojas,Al,NA,Rojas,NA,100,0,0,0,NA,State House District 12,Clark,003,207276,male,0.94
NV,13,Daniel Andrews,Daniel,NA,Andrews,NA,200,0,0,0,NA,State House District 13,Clark,003,2466344,male,0.99
NV,13,Brian Hibbetts,Brian,NA,Hibbetts,NA,100,1,0,0,NA,State House District 13,Clark,003,860237,male,1
NV,14,Erica Mosca,Erica,NA,Mosca,NA,200,1,0,0,NA,State House District 14,Clark,003,243089,female,1
NV,15,Melissa Lynn Spence,Melissa,Lynn,Spence,NA,100,0,0,0,NA,State House District 15,Clark,003,645010,female,1
NV,15,Howard Watts,Howard,NA,Watts,NA,200,1,0,0,NA,State House District 15,Clark,003,87023,male,1
NV,15,Jordy Prado,Jordy,NA,Prado,NA,300,0,0,0,Libertarian Party,State House District 15,Clark,003,28215,male,0.99
NV,16,Eva Olivia Chase,Eva,Olivia,Chase,NA,200,0,0,0,NA,State House District 16,Clark,003,581103,female,0.99
NV,16,Cecelia González,Cecelia,NA,González,NA,200,1,0,0,NA,State House District 16,Clark,003,11356,female,1
NV,16,Benjamin M. Donlon,Benjamin,M.,Donlon,NA,100,0,0,0,NA,State House District 16,Clark,003,458549,male,1
NV,16,Socorro Keenan,Socorro,NA,Keenan,NA,100,0,0,0,NA,State House District 16,Clark,003,27687,female,0.97
NV,16,James William Neville,James,William,Neville,NA,100,0,0,0,NA,State House District 16,Clark,003,1458986,male,1
NV,16,Jose Pena,Jose,NA,Pena,NA,300,0,0,0,Libertarian Party,State House District 16,Clark,003,2579676,male,0.99
NV,17,Linda F. Hunt,Linda,F.,Hunt,NA,200,0,0,0,NA,State House District 17,Clark,003,951156,female,0.99
NV,17,Mishon D. Montgomery,Mishon,D.,Montgomery,NA,200,0,0,0,NA,State House District 17,Clark,003,70,male,0.8
NV,17,Chauntille Roberts,Chauntille,NA,Roberts,NA,200,0,0,0,NA,State House District 17,Clark,003,NA,NA,NA
NV,17,Robert J. Olson,Robert,J.,Olson,NA,100,0,0,0,NA,State House District 17,Clark,003,1566661,male,1
NV,18,"Antario ""Tiger"" Brown",Antario,Tiger,Brown,NA,100,0,0,0,NA,State House District 18,Clark,003,64,male,0.97
NV,18,Venicia Considine,Venicia,NA,Considine,NA,200,1,0,0,NA,State House District 18,Clark,003,403,female,0.99
NV,19,"Thaddeus ""Toby"" Yurek",Thaddeus,Toby,Yurek,NA,100,1,0,0,NA,State House District 19,Clark,003,5958,male,1
NV,20,David Orentlicher,David,NA,Orentlicher,NA,200,1,0,0,NA,State House District 20,Clark,003,3489607,male,1
NV,20,Stan Vaughan,Stan,NA,Vaughan,NA,100,0,0,0,NA,State House District 20,Clark,003,81520,male,0.98
NV,21,April Arndt,April,NA,Arndt,NA,100,0,0,0,NA,State House District 21,Clark,003,145676,female,0.99
NV,21,Jon Petrick,Jon,NA,Petrick,NA,100,0,0,0,NA,State House District 21,Clark,003,300528,male,0.99
NV,21,Elaine Marzola,Elaine,NA,Marzola,NA,200,1,0,0,NA,State House District 21,Clark,003,248452,female,1
NV,22,Melissa Hardy,Melissa,NA,Hardy,NA,100,1,0,0,NA,State House District 22,Clark,003,645010,female,1
NV,23,Danielle Gallant,Danielle,NA,Gallant,NA,100,1,0,0,NA,State House District 23,Clark,003,372354,female,1
NV,24,Michael Bellaty,Michael,NA,Bellaty,NA,200,0,1,0,NA,State House District 24,Washoe,031,2530843,male,1
NV,24,Erica Roth,Erica,NA,Roth,NA,200,0,0,0,NA,State House District 24,Washoe,031,243089,female,1
NV,24,"Terisia ""Teri"" Kolesnick",Terisia,Teri,Kolesnick,NA,100,0,0,0,NA,State House District 24,Washoe,031,8,female,1
NV,25,Selena La Rue Hatch,Selena,La Rue,Hatch,NA,200,1,0,0,NA,State House District 25,Washoe,031,39788,female,0.99
NV,25,Diana Sande,Diana,NA,Sande,NA,100,0,0,0,NA,State House District 25,Washoe,031,848352,female,0.99
NV,26,Rich DeLong,Rich,NA,DeLong,NA,100,1,0,0,NA,State House District 26,Washoe,031,114319,male,0.99
NV,26,Scott Savage,Scott,NA,Savage,NA,200,0,0,0,NA,State House District 26,Washoe,031,603708,male,1
NV,26,"Diane ""Nevada Moon"" Sullivan",Diane,Nevada Moon,Sullivan,NA,200,0,0,0,NA,State House District 26,Washoe,031,327365,female,1
NV,27,Heather Goulding,Heather,NA,Goulding,NA,200,0,0,0,NA,State House District 27,Washoe,031,351972,female,1
NV,27,Alex Velto,Alex,NA,Velto,NA,200,0,0,0,NA,State House District 27,Washoe,031,1665200,male,0.95
NV,27,Carmen Ortiz,Carmen,NA,Ortiz,NA,100,0,0,0,NA,State House District 27,Washoe,031,481673,female,0.99
NV,28,Reuben D'Silva,Reuben,NA,D'Silva,NA,200,1,0,0,NA,State House District 28,Clark,003,24254,male,0.99
NV,29,Joe Dalia,Joe,NA,Dalia,NA,200,0,0,0,NA,State House District 29,Clark,003,724158,male,0.99
NV,29,Annette Dawson Owens,Annette,NA,Dawson Owens,NA,100,0,0,0,NA,State House District 29,Clark,003,152510,female,1
NV,29,Yadusha Williams,Yadusha,NA,Williams,NA,100,0,0,0,NA,State House District 29,Clark,003,1,female,1
NV,30,Natha C. Anderson,Natha,C.,Anderson,NA,200,1,0,0,NA,State House District 30,Washoe,031,1879,female,0.76
NV,30,Morgan Kolvet,Morgan,NA,Kolvet,NA,300,0,0,0,No Political Party,State House District 30,Washoe,031,55305,male,0.64
NV,31,Jill Dickman,Jill,NA,Dickman,NA,100,1,0,0,NA,State House District 31,Washoe,031,183633,female,1
NV,31,Stuart MacKie,Stuart,NA,MacKie,NA,200,0,0,0,NA,State House District 31,Washoe,031,146937,male,1
NV,32,Jason Bushey,Jason,NA,Bushey,NA,100,0,0,0,NA,State House District 32,Humboldt,013,786241,male,1
NV,32,Alexis M. Hansen,Alexis,M.,Hansen,NA,100,1,0,0,NA,State House District 32,Humboldt,013,187474,male,0.85
NV,32,Arnold W. Thomas,Arnold,W.,Thomas,NA,200,0,0,0,NA,State House District 32,Humboldt,013,79879,male,0.99
NV,32,John C. Gerhardt,John,C.,Gerhardt,NA,300,0,0,0,No Political Party,State House District 32,Humboldt,013,2692560,male,1
NV,33,Bert K. Gurr,Bert,K.,Gurr,NA,100,1,0,0,NA,State House District 33,Elko,007,76503,male,0.99
NV,33,Darryl Baber,Darryl,NA,Baber,NA,300,0,0,0,Libertarian Party,State House District 33,Elko,007,53624,male,1
NV,34,Brandon Davis,Brandon,NA,Davis,NA,100,0,0,0,NA,State House District 34,Clark,003,350589,male,1
NV,34,Clem Ziroli III,Clem,NA,Ziroli,III,100,0,0,0,NA,State House District 34,Clark,003,11070,male,0.72
NV,34,Hanadi Nadeem,Hanadi,NA,Nadeem,NA,200,0,0,0,NA,State House District 34,Clark,003,11885,female,0.98
NV,35,Rebecca Edgeworth,Rebecca,NA,Edgeworth,NA,100,0,0,0,NA,State House District 35,Clark,003,491422,female,1
NV,35,Sharifa Wahab,Sharifa,NA,Wahab,NA,200,0,0,0,NA,State House District 35,Clark,003,4750,female,0.98
NV,36,Marlene Drake,Marlene,NA,Drake,NA,200,0,0,0,NA,State House District 36,Clark,003,166652,female,0.99
NV,36,Gregory Hafen II,Gregory,NA,Hafen,II,100,1,0,0,NA,State House District 36,Clark,003,204650,male,1
NV,37,Shea Backus,Shea,NA,Backus,NA,200,1,0,0,NA,State House District 37,Clark,003,2926,female,0.53
NV,37,David Brog,David,NA,Brog,NA,100,0,0,0,NA,State House District 37,Clark,003,3489607,male,1
NV,38,Gregory S. Koenig,Gregory,S.,Koenig,NA,100,1,0,0,NA,State House District 38,Churchill,001,204650,male,1
NV,39,Ken Gray,Ken,NA,Gray,NA,100,1,0,0,NA,State House District 39,Douglas,005,337251,male,0.99
NV,39,Erich Obermayr,Erich,NA,Obermayr,NA,200,0,0,0,NA,State House District 39,Douglas,005,28460,male,0.99
NV,40,"Philip ""PK"" O'Neill",Philip,PK,O'Neill,NA,100,1,0,0,NA,State House District 40,Storey,029,259670,male,1
NV,40,Drew Ribar,Drew,NA,Ribar,NA,100,0,0,0,NA,State House District 40,Storey,029,27466,male,0.96
NV,40,Katherine Ramsey,Katherine,NA,Ramsey,NA,200,0,0,0,NA,State House District 40,Storey,029,280254,female,1
NV,41,Rafael Arroyo,Rafael,NA,Arroyo,NA,100,0,0,0,NA,State House District 41,Clark,003,636453,male,1
NV,41,Guadalupe Reyes,Guadalupe,NA,Reyes,NA,100,0,0,0,NA,State House District 41,Clark,003,87831,female,0.86
NV,41,Sandra Jauregui,Sandra,NA,Jauregui,NA,200,1,0,0,NA,State House District 41,Clark,003,1411970,female,0.99
NV,42,Tracy Brown-May,Tracy,NA,Brown-May,NA,200,1,0,0,NA,State House District 42,Clark,003,71343,female,0.94
NV,42,Kevin L. Child,Kevin,L.,Child,NA,100,0,0,0,NA,State House District 42,Clark,003,1257153,male,1
NV,42,"Katrin ""Mrs. Fix It"" Ivanoff",Katrin,Mrs. Fix It,Ivanoff,NA,100,0,0,0,NA,State House District 42,Clark,003,58968,female,0.99
NV,42,Sayed Zaidi,Sayed,NA,Zaidi,NA,200,0,0,0,NA,State House District 42,Clark,003,115053,male,0.98
MI,1,Tyrone Carter,Tyrone,NA,Carter,NA,200,1,0,0,NA,State House District 1,Wayne,163,33670,male,1
MI,1,Ziad Abdulmalik,Ziad,NA,Abdulmalik,NA,200,0,0,0,NA,State House District 1,Wayne,163,60781,male,0.96
MI,1,Valerie Whittaker,Valerie,NA,Whittaker,NA,100,0,0,0,NA,State House District 1,Wayne,163,263664,female,1
MI,2,Tullio Liberati Jr.,Tullio,NA,Liberati,Jr.,200,1,0,0,NA,State House District 2,Wayne,163,5994,male,0.99
MI,2,Frank Liberati,Frank,NA,Liberati,NA,200,0,1,0,NA,State House District 2,Wayne,163,679228,male,1
MI,2,Ronald Kokinda,Ronald,NA,Kokinda,NA,100,0,0,0,NA,State House District 2,Wayne,163,311164,male,1
MI,2,Mark DaSacco,Mark,NA,DaSacco,NA,300,0,0,0,Working Class Party,State House District 2,Wayne,163,1378167,male,1
MI,3,Alabas Farhat,Alabas,NA,Farhat,NA,200,1,0,0,NA,State House District 3,Wayne,163,68,male,0.88
MI,3,Ziad Abdulmalik,Ziad,NA,Abdulmalik,NA,200,0,0,0,NA,State House District 3,Wayne,163,60781,male,0.96
MI,3,Gus Tarraf,Gus,NA,Tarraf,NA,200,0,0,0,NA,State House District 3,Wayne,163,30108,male,0.99
MI,3,Richard A Zeile,Richard,A,Zeile,NA,100,0,0,0,NA,State House District 3,Wayne,163,1163098,male,1
MI,3,Larry Betts,Larry,NA,Betts,NA,300,0,0,0,Working Class Party,State House District 3,Wayne,163,299788,male,1
MI,4,Karen Whitsett,Karen,NA,Whitsett,NA,200,1,0,0,NA,State House District 4,Wayne,163,967037,female,0.99
MI,4,Gus Tarraf,Gus,NA,Tarraf,NA,200,0,1,0,NA,State House District 4,Wayne,163,30108,male,0.99
MI,4,Tonya Wells,Tonya,NA,Wells,NA,100,0,0,1,NA,State House District 4,Wayne,163,60298,female,1
MI,5,Natalie Price,Natalie,NA,Price,NA,200,1,1,0,NA,State House District 5,Oakland,125,282584,female,1
MI,5,Crystal Bailey,Crystal,NA,Bailey,NA,200,0,0,0,NA,State House District 5,Oakland,125,179678,female,0.99
MI,5,Myya Jones,Myya,NA,Jones,NA,200,0,0,1,NA,State House District 5,Oakland,125,108,female,0.95
MI,5,Kevin Keys III,Kevin,NA,Keys,III,200,0,0,0,NA,State House District 5,Oakland,125,1257153,male,1
MI,5,Eric Love,Eric,NA,Love,NA,200,0,0,0,NA,State House District 5,Oakland,125,980705,male,1
MI,5,Regina Weiss,Regina,NA,Weiss,NA,200,1,0,0,NA,State House District 5,Oakland,125,206407,female,0.99
MI,5,Will Sears,Will,NA,Sears,NA,100,0,0,0,NA,State House District 5,Oakland,125,168243,male,0.99
MI,6,Natalie Price,Natalie,NA,Price,NA,200,1,0,0,NA,State House District 6,Oakland,125,282584,female,1
MI,6,Joseph R Fisher,Joseph,R,Fisher,NA,200,0,0,0,NA,State House District 6,Oakland,125,790654,male,0.99
MI,6,Eric Love,Eric,NA,Love,NA,200,0,1,0,NA,State House District 6,Oakland,125,980705,male,1
MI,6,Brent M Lamkin,Brent,M,Lamkin,NA,100,0,0,0,NA,State House District 6,Oakland,125,101316,male,1
MI,7,Abraham Aiyash,Abraham,NA,Aiyash,NA,200,1,1,0,NA,State House District 7,Wayne,163,135569,male,0.99
MI,7,Ernest T Little,Ernest,T,Little,NA,200,0,0,0,NA,State House District 7,Wayne,163,84170,male,0.99
MI,7,Tonya Myers Phillips,Tonya,Myers,Phillips,NA,200,0,0,0,NA,State House District 7,Wayne,163,60298,female,1
MI,7,Abraham D Shaw,Abraham,D,Shaw,NA,200,0,0,0,NA,State House District 7,Wayne,163,135569,male,0.99
MI,7,Barry L Altman,Barry,L,Altman,NA,100,0,0,0,NA,State House District 7,Wayne,163,180793,male,0.99
MI,7,Shelby Wininger,Shelby,NA,Wininger,NA,100,0,0,0,NA,State House District 7,Wayne,163,11836,female,0.91
MI,7,Linda Rayburn,Linda,NA,Rayburn,NA,300,0,0,0,Working Class Party,State House District 7,Wayne,163,951156,female,0.99
MI,8,LaTanya Garrett,LaTanya,NA,Garrett,NA,200,0,0,1,NA,State House District 8,Wayne,163,4554,female,1
MI,8,Chris Gilmer-Hill,Chris,NA,Gilmer-Hill,NA,200,0,0,0,NA,State House District 8,Wayne,163,558338,male,0.91
MI,8,Helena Scott,Helena,NA,Scott,NA,200,1,0,0,NA,State House District 8,Wayne,163,209954,female,0.99
MI,8,Alex Kuhn,Alex,NA,Kuhn,NA,100,0,0,0,NA,State House District 8,Wayne,163,1665200,male,0.95
MI,8,Logan Ausherman,Logan,NA,Ausherman,NA,300,0,0,0,Working Class Party,State House District 8,Wayne,163,29274,male,0.93
MI,9,Bobby Christian,Bobby,NA,Christian,NA,200,0,1,0,NA,State House District 9,Wayne,163,145014,male,0.98
MI,9,Ryan M Nelson,Ryan,M,Nelson,NA,200,0,0,0,NA,State House District 9,Wayne,163,645787,male,0.99
MI,9,Lory Renea Parks,Lory,Renea,Parks,NA,200,0,0,0,NA,State House District 9,Wayne,163,17416,female,0.87
MI,9,Joe Tate,Joe,NA,Tate,NA,200,1,0,0,NA,State House District 9,Wayne,163,724158,male,0.99
MI,9,Michele Lundgren,Michele,NA,Lundgren,NA,100,0,0,0,NA,State House District 9,Wayne,163,544350,female,0.54
MI,10,Justin Counts,Justin,NA,Counts,NA,200,0,0,0,NA,State House District 10,Wayne,163,440077,male,0.99
MI,10,Veronica Paiz,Veronica,NA,Paiz,NA,200,1,0,0,NA,State House District 10,Wayne,163,485708,female,1
MI,10,Washington Youson,Washington,NA,Youson,NA,200,0,0,1,NA,State House District 10,Wayne,163,28425,male,1
MI,10,Griffin Wojtowicz,Griffin,NA,Wojtowicz,NA,100,0,0,0,NA,State House District 10,Wayne,163,9246,male,0.99
MI,11,Donavan McKinney,Donavan,NA,McKinney,NA,200,1,0,0,NA,State House District 11,Macomb,099,3314,male,0.99
MI,11,Dale J Walker,Dale,J,Walker,NA,100,0,0,0,NA,State House District 11,Macomb,099,30591,male,0.93
MI,12,Kimberly Edwards,Kimberly,NA,Edwards,NA,200,1,0,0,NA,State House District 12,Macomb,099,311636,female,1
MI,12,Patrick S Biange,Patrick,S,Biange,NA,200,0,0,0,NA,State House District 12,Macomb,099,917582,male,1
MI,12,Angela E McIntosh,Angela,E,McIntosh,NA,200,0,0,0,NA,State House District 12,Macomb,099,925931,female,1
MI,12,Randell J Shafer,Randell,J,Shafer,NA,100,0,0,0,NA,State House District 12,Macomb,099,2683,male,0.99
MI,13,Patricia Johnson Singleton,Patricia,Johnson,Singleton,NA,200,0,0,0,NA,State House District 13,Macomb,099,1112576,female,1
MI,13,Richard M Steenland,Richard,M,Steenland,NA,200,0,0,0,NA,State House District 13,Macomb,099,1163098,male,1
MI,13,Mai Xiong,Mai,NA,Xiong,NA,200,1,0,0,NA,State House District 13,Macomb,099,112554,female,0.96
MI,13,Jerrie Bowl Billelo,Jerrie,Bowl,Billelo,NA,100,0,0,0,NA,State House District 13,Macomb,099,438,female,0.68
MI,13,Mark T Foster,Mark,T,Foster,NA,100,0,0,0,NA,State House District 13,Macomb,099,1378167,male,1
MI,13,John Sheets,John,NA,Sheets,NA,100,0,0,0,NA,State House District 13,Macomb,099,2692560,male,1
MI,13,Ronald Singer,Ronald,NA,Singer,NA,100,0,0,0,NA,State House District 13,Macomb,099,311164,male,1
MI,13,Hashim Malik Bakari,Hashim,Malik,Bakari,NA,300,0,0,0,Working Class Party,State House District 13,Macomb,099,26353,male,0.98
MI,14,James R Fouts,James,R,Fouts,NA,200,0,0,0,NA,State House District 14,Macomb,099,1458986,male,1
MI,14,Mike McFall,Mike,NA,McFall,NA,200,1,0,0,NA,State House District 14,Macomb,099,1145946,male,1
MI,14,Barbara Barber,Barbara,NA,Barber,NA,100,0,0,0,NA,State House District 14,Macomb,099,767724,female,1
MI,15,Erin Byrnes,Erin,NA,Byrnes,NA,200,1,0,0,NA,State House District 15,Wayne,163,216130,female,0.99
MI,15,Gary Edward Gardner,Gary,Edward,Gardner,NA,100,0,0,0,NA,State House District 15,Wayne,163,504588,male,1
MI,16,Stephanie A. Young,Stephanie,A.,Young,NA,200,1,0,0,NA,State House District 16,Wayne,163,685051,female,1
MI,16,Keith Windham,Keith,NA,Windham,NA,200,0,0,0,NA,State House District 16,Wayne,163,303116,male,1
MI,16,Brian Duggan,Brian,NA,Duggan,NA,100,0,0,0,NA,State House District 16,Wayne,163,860237,male,1
MI,16,Linda Green-Harris,Linda,NA,Green-Harris,NA,300,0,0,0,Working Class Party,State House District 16,Wayne,163,951156,female,0.99
MI,17,Laurie Pohutsky,Laurie,NA,Pohutsky,NA,200,1,0,0,NA,State House District 17,Wayne,163,143476,female,0.99
MI,17,Rola Makki,Rola,NA,Makki,NA,100,0,0,0,NA,State House District 17,Wayne,163,14920,female,0.95
MI,18,Jason Hoskins,Jason,NA,Hoskins,NA,200,1,0,0,NA,State House District 18,Oakland,125,786241,male,1
MI,18,Mordechai Klainberg,Mordechai,NA,Klainberg,NA,100,0,0,0,NA,State House District 18,Oakland,125,1500,male,1
MI,19,Samantha Steckloff,Samantha,NA,Steckloff,NA,200,1,0,0,NA,State House District 19,Oakland,125,416919,female,0.99
MI,19,Kevin J Hammer,Kevin,J,Hammer,NA,100,0,0,0,NA,State House District 19,Oakland,125,1257153,male,1
MI,20,Noah Arbit,Noah,NA,Arbit,NA,200,1,0,0,NA,State House District 20,Oakland,125,77852,male,0.97
MI,20,Hermon Barbe,Hermon,NA,Barbe,NA,100,0,0,0,NA,State House District 20,Oakland,125,1277,male,0.84
MI,20,Brendan Cowley,Brendan,NA,Cowley,NA,100,0,0,0,NA,State House District 20,Oakland,125,79874,male,1
MI,21,Kelly Breen,Kelly,NA,Breen,NA,200,1,0,0,NA,State House District 21,Oakland,125,194757,female,0.91
MI,21,Thomas Konesky,Thomas,NA,Konesky,NA,100,0,0,0,NA,State House District 21,Oakland,125,1246099,male,1
MI,21,James Young,James,NA,Young,NA,300,0,0,0,Libertarian Party,State House District 21,Oakland,125,1458986,male,1
MI,22,Matt Koleszar,Matt,NA,Koleszar,NA,200,1,0,0,NA,State House District 22,Wayne,163,484010,male,1
MI,22,Christian Charette,Christian,NA,Charette,NA,100,0,0,0,NA,State House District 22,Wayne,163,925951,male,0.99
MI,22,Adam A Stathakis,Adam,A,Stathakis,NA,100,0,0,0,NA,State House District 22,Wayne,163,832821,male,0.98
MI,23,Jason Morgan,Jason,NA,Morgan,NA,200,1,0,0,NA,State House District 23,Washtenaw,161,786241,male,1
MI,23,Miriam Corvino,Miriam,NA,Corvino,NA,100,0,0,0,NA,State House District 23,Washtenaw,161,325549,female,0.99
MI,23,David Stamp,David,NA,Stamp,NA,100,0,0,0,NA,State House District 23,Washtenaw,161,3489607,male,1
MI,23,Christian Marudas,Christian,NA,Marudas,NA,300,0,0,0,Green Party,State House District 23,Washtenaw,161,925951,male,0.99
MI,24,Ranjeev Puri,Ranjeev,NA,Puri,NA,200,1,0,0,NA,State House District 24,Wayne,163,159,male,0.99
MI,24,Leonard C Scott,Leonard,C,Scott,NA,100,0,0,0,NA,State House District 24,Wayne,163,84563,male,0.99
MI,25,Peter Herzberg,Peter,NA,Herzberg,NA,200,0,0,0,NA,State House District 25,Wayne,163,1346866,male,1
MI,25,Melandie Yvonee Hines,Melandie,Yvonee,Hines,NA,200,0,0,0,NA,State House District 25,Wayne,163,70,female,1
MI,25,Salif Kourouma,Salif,NA,Kourouma,NA,200,0,0,0,NA,State House District 25,Wayne,163,6208,male,0.98
MI,25,Lekisha M Maxwell,Lekisha,M,Maxwell,NA,200,0,0,0,NA,State House District 25,Wayne,163,438,female,0.99
MI,25,Layla Taha,Layla,NA,Taha,NA,200,0,0,0,NA,State House District 25,Wayne,163,57381,female,0.96
MI,25,Josh Powell,Josh,NA,Powell,NA,100,0,0,0,NA,State House District 25,Wayne,163,292629,male,1
MI,26,Dylan Wegela,Dylan,NA,Wegela,NA,200,1,0,0,NA,State House District 26,Wayne,163,188158,male,0.99
MI,26,DeArtriss Coleman-Richardson,DeArtriss,NA,Coleman-Richardson,NA,200,0,0,0,NA,State House District 26,Wayne,163,NA,NA,NA
MI,26,Jeff Gorman,Jeff,NA,Gorman,NA,100,0,0,0,NA,State House District 26,Wayne,163,556156,male,1
MI,27,Jaime Churches,Jaime,NA,Churches,NA,200,1,0,0,NA,State House District 27,Wayne,163,202646,male,0.96
MI,27,Cody Dill,Cody,NA,Dill,NA,100,0,0,0,NA,State House District 27,Wayne,163,100225,male,0.99
MI,27,Rylee Linting,Rylee,NA,Linting,NA,100,0,0,0,NA,State House District 27,Wayne,163,1068,female,0.82
MI,27,Maria Mendoza-Boc,Maria,NA,Mendoza-Boc,NA,100,0,0,0,NA,State House District 27,Wayne,163,3992910,female,0.99
MI,27,Frank A Tarnowski Jr,Frank,A,Tarnowski,Jr,100,0,1,0,NA,State House District 27,Wayne,163,679228,male,1
MI,28,Jamie Thompson,Jamie,NA,Thompson,NA,100,1,0,0,NA,State House District 28,Monroe,115,107043,male,0.66
MI,28,Joe DeSana,Joe,NA,DeSana,NA,100,0,1,0,NA,State House District 28,Monroe,115,724158,male,0.99
MI,28,Beth Ann Socia,Beth,Ann,Socia,NA,100,0,0,0,NA,State House District 28,Monroe,115,197155,female,1
MI,28,Janise O'Neil Robinson,Janise,NA,O'Neil Robinson,NA,200,0,0,0,NA,State House District 28,Monroe,115,1505,female,0.99
MI,29,James DeSana,James,NA,DeSana,NA,100,1,0,0,NA,State House District 29,Wayne,163,1458986,male,1
MI,29,Kyle Wright,Kyle,NA,Wright,NA,200,0,0,0,NA,State House District 29,Wayne,163,272309,male,0.99
MI,30,William Bruck,William,NA,Bruck,NA,100,1,0,0,NA,State House District 30,Monroe,115,915825,male,1
MI,30,Rick Kull,Rick,NA,Kull,NA,200,0,0,0,NA,State House District 30,Monroe,115,319578,male,1
MI,31,Reggie Miller,Reggie,NA,Miller,NA,200,1,0,0,NA,State House District 31,Monroe,115,8303,male,0.93
MI,31,Dale Biniecki,Dale,NA,Biniecki,NA,100,0,0,0,NA,State House District 31,Monroe,115,30591,male,0.93
MI,32,Jimmie Wilson Jr.,Jimmie,NA,Wilson,Jr.,200,1,0,0,NA,State House District 32,Washtenaw,161,4049,male,0.92
MI,32,James Chapman,James,NA,Chapman,NA,100,0,0,0,NA,State House District 32,Washtenaw,161,1458986,male,1
MI,32,Martin A Church,Martin,A,Church,NA,100,0,0,0,NA,State House District 32,Washtenaw,161,1077102,male,0.99
MI,32,Jonathan Hoover,Jonathan,NA,Hoover,NA,100,0,0,0,NA,State House District 32,Washtenaw,161,794909,male,1
MI,32,Ryan Sample,Ryan,NA,Sample,NA,300,0,0,0,Green Party,State House District 32,Washtenaw,161,645787,male,0.99
MI,33,Morgan Foreman,Morgan,NA,Foreman,NA,200,0,0,0,NA,State House District 33,Washtenaw,161,55305,male,0.64
MI,33,Rima Mohammad,Rima,NA,Mohammad,NA,200,0,0,0,NA,State House District 33,Washtenaw,161,49175,female,0.97
MI,33,Alan L Dettling,Alan,L,Dettling,NA,100,0,1,0,NA,State House District 33,Washtenaw,161,513691,male,1
MI,33,Jason Rogers,Jason,NA,Rogers,NA,100,0,0,0,NA,State House District 33,Washtenaw,161,786241,male,1
MI,34,Nancy Jenkins-Arno,Nancy,NA,Jenkins-Arno,NA,100,0,0,0,NA,State House District 34,Lenawee,091,668231,female,1
MI,34,John E Dahlgren,John,E,Dahlgren,NA,200,0,0,0,NA,State House District 34,Lenawee,091,2692560,male,1
MI,35,Tom Matthew,Tom,NA,Matthew,NA,100,0,0,0,NA,State House District 35,Hillsdale,059,841896,male,0.99
MI,35,Adam K Stockford,Adam,K,Stockford,NA,100,0,0,0,NA,State House District 35,Hillsdale,059,832821,male,0.98
MI,35,Jennifer Wortz,Jennifer,NA,Wortz,NA,100,0,0,0,NA,State House District 35,Hillsdale,059,1101898,female,1
MI,35,Don Hicks,Don,NA,Hicks,NA,200,0,0,0,NA,State House District 35,Hillsdale,059,307854,male,0.99
MI,36,Steve Carra,Steve,NA,Carra,NA,100,1,0,0,NA,State House District 36,St. Joseph,149,864950,male,1
MI,36,Michael Malmborg,Michael,NA,Malmborg,NA,100,0,0,0,NA,State House District 36,St. Joseph,149,2530843,male,1
MI,36,Frank Perez,Frank,NA,Perez,NA,100,0,0,0,NA,State House District 36,St. Joseph,149,679228,male,1
MI,36,Erin L Schultes,Erin,L,Schultes,NA,200,0,0,0,NA,State House District 36,St. Joseph,149,216130,female,0.99
MI,37,Brad Paquette,Brad,NA,Paquette,NA,100,1,0,0,NA,State House District 37,Berrien,021,195732,male,1
MI,37,Angela Jones,Angela,NA,Jones,NA,200,0,0,0,NA,State House District 37,Berrien,021,925931,female,1
MI,38,Joey Andrews,Joey,NA,Andrews,NA,200,1,0,0,NA,State House District 38,Berrien,021,59100,male,0.8
MI,38,George Lucas,George,NA,Lucas,NA,100,0,0,0,NA,State House District 38,Berrien,021,673079,male,0.99
MI,38,Kevin Whiteford,Kevin,NA,Whiteford,NA,100,0,0,0,NA,State House District 38,Berrien,021,1257153,male,1
MI,39,Pauline Wendzel,Pauline,NA,Wendzel,NA,100,1,0,0,NA,State House District 39,Van Buren,159,236053,female,0.99
MI,39,Richard Overton,Richard,NA,Overton,NA,100,0,0,0,NA,State House District 39,Van Buren,159,1163098,male,1
MI,39,Kerry Tapper,Kerry,NA,Tapper,NA,200,0,0,0,NA,State House District 39,Van Buren,159,32365,female,0.79
MI,39,Jared Polonowski,Jared,NA,Polonowski,NA,200,0,0,0,NA,State House District 39,Van Buren,159,105432,male,1
MI,40,Lisa Brayton,Lisa,NA,Brayton,NA,200,0,0,0,NA,State House District 40,Kalamazoo,077,990101,female,1
MI,40,Matt Longjohn,Matt,NA,Longjohn,NA,200,0,0,0,NA,State House District 40,Kalamazoo,077,484010,male,1
MI,40,Abby Wheeler,Abby,NA,Wheeler,NA,200,0,1,0,NA,State House District 40,Kalamazoo,077,77693,female,0.98
MI,40,Kelly Sackett,Kelly,NA,Sackett,NA,100,0,0,0,NA,State House District 40,Kalamazoo,077,194757,female,0.91
MI,41,Julie Rogers,Julie,NA,Rogers,NA,200,1,0,0,NA,State House District 41,Kalamazoo,077,754260,female,0.99
MI,41,Terry Haines,Terry,NA,Haines,NA,100,0,0,0,NA,State House District 41,Kalamazoo,077,89955,male,0.75
MI,41,Nicole C Sabel,Nicole,C,Sabel,NA,100,0,0,0,NA,State House District 41,Kalamazoo,077,760366,female,1
MI,41,Rafael Wolf,Rafael,NA,Wolf,NA,300,0,0,0,Libertarian Party,State House District 41,Kalamazoo,077,636453,male,1
MI,42,Matt Hall,Matt,NA,Hall,NA,100,1,0,0,NA,State House District 42,Kalamazoo,077,484010,male,1
MI,42,Rich Cutshaw,Rich,NA,Cutshaw,NA,100,0,0,0,NA,State House District 42,Kalamazoo,077,114319,male,0.99
MI,42,Austin Marsman,Austin,NA,Marsman,NA,200,0,0,0,NA,State House District 42,Kalamazoo,077,138652,male,0.99
MI,43,Rachelle Smit,Rachelle,NA,Smit,NA,100,1,0,0,NA,State House District 43,Allegan,005,42027,female,0.99
MI,43,Danene Shumaker,Danene,NA,Shumaker,NA,200,0,0,0,NA,State House District 43,Allegan,005,222,female,1
MI,44,Jim Haadsma,Jim,NA,Haadsma,NA,200,1,0,0,NA,State House District 44,Calhoun,025,607340,male,1
MI,44,Steve Frisbie,Steve,NA,Frisbie,NA,100,0,0,0,NA,State House District 44,Calhoun,025,864950,male,1
MI,44,Alexander W Harris,Alexander,W,Harris,NA,100,0,0,0,NA,State House District 44,Calhoun,025,644339,male,1
MI,44,Just Shotts,Just,NA,Shotts,NA,100,0,0,0,NA,State House District 44,Calhoun,025,8870,male,0.61
MI,45,Sarah Lightner,Sarah,NA,Lightner,NA,100,1,0,0,NA,State House District 45,Calhoun,025,1283097,female,0.99
MI,45,Doug Murch,Doug,NA,Murch,NA,200,0,0,0,NA,State House District 45,Calhoun,025,185436,male,1
MI,46,Kathy Schmaltz,Kathy,NA,Schmaltz,NA,100,1,0,0,NA,State House District 46,Jackson,075,369756,female,1
MI,46,Daniel J Mahoney,Daniel,J,Mahoney,NA,200,0,0,0,NA,State House District 46,Jackson,075,2466344,male,0.99
MI,47,Carrie A Rheingans,Carrie,A,Rheingans,NA,200,1,0,0,NA,State House District 47,Washtenaw,161,120191,female,1
MI,47,Tammy May Keller,Tammy,May,Keller,NA,100,0,0,0,NA,State House District 47,Washtenaw,161,187619,female,0.99
MI,47,Teresa Spiegelberg,Teresa,NA,Spiegelberg,NA,100,0,0,0,NA,State House District 47,Washtenaw,161,543339,female,1
MI,47,Aaron Wright,Aaron,NA,Wright,NA,300,0,0,0,Green Party,State House District 47,Washtenaw,161,376518,male,1
MI,48,Jennifer A Conlin,Jennifer,A,Conlin,NA,200,1,0,0,NA,State House District 48,Washtenaw,161,1101898,female,1
MI,48,Tawn Beliger,Tawn,NA,Beliger,NA,100,0,0,0,NA,State House District 48,Washtenaw,161,62,female,0.56
MI,48,Brian Ignatowski,Brian,NA,Ignatowski,NA,100,0,0,0,NA,State House District 48,Washtenaw,161,860237,male,1
MI,48,Eric Borregard,Eric,NA,Borregard,NA,300,0,0,0,Green Party,State House District 48,Washtenaw,161,980705,male,1
MI,49,Ann Bollin,Ann,NA,Bollin,NA,100,1,0,0,NA,State House District 49,Livingston,093,362757,female,0.99
MI,49,Andy Wood,Andy,NA,Wood,NA,200,0,0,0,NA,State House District 49,Livingston,093,488123,male,0.96
MI,50,Robert Bezotte,Robert,NA,Bezotte,NA,100,1,0,0,NA,State House District 50,Livingston,093,1566661,male,1
MI,50,Kristina Lyke,Kristina,NA,Lyke,NA,100,0,0,0,NA,State House District 50,Livingston,093,196138,female,0.99
MI,50,Dominic Restuccia,Dominic,NA,Restuccia,NA,100,0,0,0,NA,State House District 50,Livingston,093,107611,male,0.99
MI,50,Jason Woolford,Jason,NA,Woolford,NA,100,0,0,0,NA,State House District 50,Livingston,093,786241,male,1
MI,50,Austin Breuer,Austin,NA,Breuer,NA,200,0,0,0,NA,State House District 50,Livingston,093,138652,male,0.99
MI,51,Matt Maddock,Matt,NA,Maddock,NA,100,1,0,0,NA,State House District 51,Oakland,125,484010,male,1
MI,51,Laura Vogel,Laura,NA,Vogel,NA,100,0,1,0,NA,State House District 51,Oakland,125,1745666,female,0.99
MI,51,Kevin Ziegler,Kevin,NA,Ziegler,NA,100,0,0,0,NA,State House District 51,Oakland,125,1257153,male,1
MI,51,Sarah May-Seward,Sarah,NA,May-Seward,NA,200,0,0,0,NA,State House District 51,Oakland,125,1283097,female,0.99
MI,51,Debbie Llewellyn,Debbie,NA,Llewellyn,NA,200,0,0,0,NA,State House District 51,Oakland,125,338942,female,1
MI,52,Mike Harris,Mike,NA,Harris,NA,100,1,0,0,NA,State House District 52,Oakland,125,1145946,male,1
MI,52,Caroline Dargay,Caroline,NA,Dargay,NA,200,0,0,0,NA,State House District 52,Oakland,125,482540,female,1
MI,53,Brenda Carter,Brenda,NA,Carter,NA,200,1,0,0,NA,State House District 53,Oakland,125,415320,female,1
MI,53,Melissa Schultz,Melissa,NA,Schultz,NA,100,0,0,0,NA,State House District 53,Oakland,125,645010,female,1
MI,54,Donni Steele,Donni,NA,Steele,NA,100,1,0,0,NA,State House District 54,Oakland,125,449,male,0.83
MI,54,Annette LeBaron,Annette,NA,LeBaron,NA,100,0,1,0,NA,State House District 54,Oakland,125,152510,female,1
MI,54,Shadia Martini,Shadia,NA,Martini,NA,200,0,0,0,NA,State House District 54,Oakland,125,8601,female,0.98
MI,55,Mark Tisdel,Mark,NA,Tisdel,NA,100,1,0,0,NA,State House District 55,Oakland,125,1378167,male,1
MI,55,Trevis Harrold,Trevis,NA,Harrold,NA,200,0,0,0,NA,State House District 55,Oakland,125,1061,male,0.99
MI,55,Alexander Hawkins,Alexander,NA,Hawkins,NA,200,0,0,0,NA,State House District 55,Oakland,125,644339,male,1
MI,55,Neil Oza,Neil,NA,Oza,NA,200,0,1,0,NA,State House District 55,Oakland,125,206722,male,1
MI,56,Sharon MacDonell,Sharon,NA,MacDonell,NA,200,1,0,0,NA,State House District 56,Oakland,125,489621,female,0.99
MI,56,Dave Kniffen,Dave,NA,Kniffen,NA,100,0,0,0,NA,State House District 56,Oakland,125,515066,male,1
MI,57,Thomas E Kuhn,Thomas,E,Kuhn,NA,100,1,0,0,NA,State House District 57,Macomb,099,1246099,male,1
MI,57,Aisha Farooqi,Aisha,NA,Farooqi,NA,200,0,0,0,NA,State House District 57,Macomb,099,95259,female,0.98
MI,57,Tyler Fox,Tyler,NA,Fox,NA,200,0,0,0,NA,State House District 57,Macomb,099,216488,male,0.99
MI,57,Douglas Waggener,Douglas,NA,Waggener,NA,200,0,0,0,NA,State House District 57,Macomb,099,226153,male,1
MI,58,Nate Shannon,Nate,NA,Shannon,NA,200,1,0,0,NA,State House District 58,Macomb,099,20333,male,0.97
MI,58,Donald T Eason,Donald,T,Eason,NA,100,0,1,0,NA,State House District 58,Macomb,099,193170,male,1
MI,58,Roger Goodrich,Roger,NA,Goodrich,NA,100,0,0,0,NA,State House District 58,Macomb,099,377833,male,1
MI,58,Ron Robinson,Ron,NA,Robinson,NA,100,0,0,0,NA,State House District 58,Macomb,099,314252,male,0.99
MI,59,Douglas C Wozniak,Douglas,C,Wozniak,NA,100,1,0,0,NA,State House District 59,Macomb,099,226153,male,1
MI,59,Jean Zott,Jean,NA,Zott,NA,100,0,0,0,NA,State House District 59,Macomb,099,802250,female,0.62
MI,59,Jason Pulaski,Jason,NA,Pulaski,NA,200,0,0,0,NA,State House District 59,Macomb,099,786241,male,1
MI,60,Joseph Aragona,Joseph,NA,Aragona,NA,100,1,0,0,NA,State House District 60,Macomb,099,790654,male,0.99
MI,60,Shelly Fraley,Shelly,NA,Fraley,NA,200,0,0,0,NA,State House District 60,Macomb,099,20492,female,0.97
MI,61,Denise Mentzer,Denise,NA,Mentzer,NA,200,1,0,0,NA,State House District 61,Macomb,099,408243,female,1
MI,61,Russ Clearly,Russ,NA,Clearly,NA,100,0,0,0,NA,State House District 61,Macomb,099,44074,male,1
MI,61,John Grosssenbacher,John,NA,Grosssenbacher,NA,100,0,0,0,NA,State House District 61,Macomb,099,2692560,male,1
MI,61,Robert Woktowicz,Robert,NA,Woktowicz,NA,100,0,0,0,NA,State House District 61,Macomb,099,1566661,male,1
MI,62,Alicia St. Germaine,Alicia,NA,St. Germaine,NA,100,1,0,0,NA,State House District 62,Macomb,099,385039,female,0.99
MI,62,Michelle Levine-Woodman,Michelle,NA,Levine-Woodman,NA,200,0,0,0,NA,State House District 62,Macomb,099,904069,female,1
MI,63,Jay DeBoyer,Jay,NA,DeBoyer,NA,100,1,0,0,NA,State House District 63,St. Clair,147,361798,male,0.97
MI,63,Michael Zoran,Michael,NA,Zoran,NA,100,0,0,0,NA,State House District 63,St. Clair,147,2530843,male,1
MI,63,Robert E Kelly-McFarland,Robert,E,Kelly-McFarland,NA,200,0,0,0,NA,State House District 63,St. Clair,147,1566661,male,1
MI,64,John Anter,John,NA,Anter,NA,200,0,0,0,NA,State House District 64,St. Clair,147,2692560,male,1
MI,64,Mathew Castillo,Mathew,NA,Castillo,NA,200,0,0,0,NA,State House District 64,St. Clair,147,61680,male,0.99
MI,64,Ken Heuvelman,Ken,NA,Heuvelman,NA,200,0,0,0,NA,State House District 64,St. Clair,147,337251,male,0.99
MI,64,Jorja Baldwin,Jorja,NA,Baldwin,NA,100,0,0,0,NA,State House District 64,St. Clair,147,1024,female,0.98
MI,64,Gary R Eisen,Gary,R,Eisen,NA,100,0,0,0,NA,State House District 64,St. Clair,147,504588,male,1
MI,64,Jordan Epperson,Jordan,NA,Epperson,NA,100,0,1,0,NA,State House District 64,St. Clair,147,148590,male,0.9
MI,64,Dan Geiersbach,Dan,NA,Geiersbach,NA,100,0,0,0,NA,State House District 64,St. Clair,147,552501,male,0.99
MI,64,Ryan Maxon,Ryan,NA,Maxon,NA,100,0,0,0,NA,State House District 64,St. Clair,147,645787,male,0.99
MI,64,Joseph G Pavlov,Joseph,G,Pavlov,NA,100,0,0,0,NA,State House District 64,St. Clair,147,790654,male,0.99
MI,65,Jaime Greene,Jaime,NA,Greene,NA,100,1,0,0,NA,State House District 65,St. Clair,147,202646,male,0.96
MI,65,Shirley Tomczak,Shirley,NA,Tomczak,NA,200,0,0,0,NA,State House District 65,St. Clair,147,239202,female,1
MI,66,Josh Schriver,Josh,NA,Schriver,NA,100,1,0,0,NA,State House District 66,Oakland,125,292629,male,1
MI,66,Randy LeVasseur,Randy,NA,LeVasseur,NA,100,0,0,0,NA,State House District 66,Oakland,125,223897,male,0.99
MI,66,Jeffrey M Omtvedt,Jeffrey,M,Omtvedt,NA,100,0,1,0,NA,State House District 66,Oakland,125,270873,male,1
MI,66,Shawn Almeranti-Crosby,Shawn,NA,Almeranti-Crosby,NA,200,0,0,0,NA,State House District 66,Oakland,125,50363,male,0.94
MI,67,Phil Green,Phil,NA,Green,NA,100,1,0,0,NA,State House District 67,Lapeer,087,221477,male,0.99
MI,67,Sherri J Cross,Sherri,J,Cross,NA,100,0,0,0,NA,State House District 67,Lapeer,087,47277,female,1
MI,67,Sherry J Marden,Sherry,J,Marden,NA,100,0,0,0,NA,State House District 67,Lapeer,087,129009,female,0.99
MI,67,Anissa J Buffin,Anissa,J,Buffin,NA,200,0,0,0,NA,State House District 67,Lapeer,087,29945,female,0.98
MI,68,David W Martin,David,W,Martin,NA,100,1,0,0,NA,State House District 68,Genesee,049,3489607,male,1
MI,68,Tim Sneller,Tim,NA,Sneller,NA,200,0,0,0,NA,State House District 68,Genesee,049,566116,male,1
MI,69,Jasper Ryan Martus,Jasper,Ryan,Martus,NA,200,1,0,0,NA,State House District 69,Genesee,049,40204,male,0.99
MI,69,Patrick Duvendeck,Patrick,NA,Duvendeck,NA,100,0,0,0,NA,State House District 69,Genesee,049,917582,male,1
MI,70,Cynthia R Neeley,Cynthia,R,Neeley,NA,200,1,0,0,NA,State House District 70,Genesee,049,346628,female,1
MI,70,Michael Floyd Clack,Michael,Floyd,Clack,NA,200,0,0,0,NA,State House District 70,Genesee,049,2530843,male,1
MI,70,Rob Waskoviak,Rob,NA,Waskoviak,NA,100,0,0,0,NA,State House District 70,Genesee,049,362047,male,1
MI,71,Brian BeGole,Brian,NA,BeGole,NA,100,1,0,0,NA,State House District 71,Shiawassee,155,860237,male,1
MI,71,Kevin Rathbun,Kevin,NA,Rathbun,NA,100,0,0,0,NA,State House District 71,Shiawassee,155,1257153,male,1
MI,71,Mark D Zacharda,Mark,D,Zacharda,NA,200,0,0,0,NA,State House District 71,Shiawassee,155,1378167,male,1
MI,72,Mike Mueller,Mike,NA,Mueller,NA,100,1,0,0,NA,State House District 72,Genesee,049,1145946,male,1
MI,72,John Dolza,John,NA,Dolza,NA,200,0,0,0,NA,State House District 72,Genesee,049,2692560,male,1
MI,73,Julie Brixie,Julie,NA,Brixie,NA,200,1,0,0,NA,State House District 73,Ingham,065,754260,female,0.99
MI,73,Joshua J Rockey,Joshua,J,Rockey,NA,100,0,0,0,NA,State House District 73,Ingham,065,399309,male,1
MI,74,Kara Hope,Kara,NA,Hope,NA,200,1,0,0,NA,State House District 74,Ingham,065,75290,female,0.87
MI,74,Tom Izzo,Tom,NA,Izzo,NA,100,0,0,0,NA,State House District 74,Ingham,065,841896,male,0.99
MI,75,Penelope Tsernoglou,Penelope,NA,Tsernoglou,NA,200,1,0,0,NA,State House District 75,Clinton,037,23234,female,0.99
MI,75,Frank Lambert,Frank,NA,Lambert,NA,100,0,0,0,NA,State House District 75,Clinton,037,679228,male,1
MI,76,Angela Witwer,Angela,NA,Witwer,NA,200,1,0,0,NA,State House District 76,Eaton,045,925931,female,1
MI,76,Peter Jones,Peter,NA,Jones,NA,100,0,0,0,NA,State House District 76,Eaton,045,1346866,male,1
MI,76,Andy Shaver,Andy,NA,Shaver,NA,100,0,0,0,NA,State House District 76,Eaton,045,488123,male,0.96
MI,77,Emily E Dievendorf,Emily,E,Dievendorf,NA,200,1,0,0,NA,State House District 77,Clinton,037,482802,female,1
MI,77,Angela Mathews,Angela,NA,Mathews,NA,200,0,0,0,NA,State House District 77,Clinton,037,925931,female,1
MI,77,Julie L DeRose,Julie,L,DeRose,NA,100,0,0,0,NA,State House District 77,Clinton,037,754260,female,0.99
MI,77,Cady Ness-Smith,Cady,NA,Ness-Smith,NA,100,0,0,0,NA,State House District 77,Clinton,037,2117,female,0.94
MI,78,Gina Johnsen,Gina,NA,Johnsen,NA,100,1,0,0,NA,State House District 78,Ionia,067,244642,female,0.99
MI,78,Joh Rocha,Joh,NA,Rocha,NA,100,0,0,0,NA,State House District 78,Ionia,067,4644,male,0.8
MI,78,Christine M Terpening,Christine,M,Terpening,NA,200,0,0,0,NA,State House District 78,Ionia,067,668012,female,1
MI,79,Angela Rigas,Angela,NA,Rigas,NA,100,1,0,0,NA,State House District 79,Barry,015,925931,female,1
MI,79,Jason Rubin,Jason,NA,Rubin,NA,200,0,0,0,NA,State House District 79,Barry,015,786241,male,1
MI,80,Phil Skaggs,Phil,NA,Skaggs,NA,200,1,0,0,NA,State House District 80,Kent,081,221477,male,0.99
MI,80,Bill Sage,Bill,NA,Sage,NA,100,0,0,0,NA,State House District 80,Kent,081,465128,male,1
MI,81,Stephen Wooden,Stephen,NA,Wooden,NA,200,0,0,0,NA,State House District 81,Kent,081,562489,male,1
MI,81,Jordan Youngquist,Jordan,NA,Youngquist,NA,100,0,0,0,NA,State House District 81,Kent,081,148590,male,0.9
MI,82,Kristian Grant,Kristian,NA,Grant,NA,200,1,0,0,NA,State House District 82,Kent,081,27198,male,0.97
MI,82,Ryan Malinoski,Ryan,NA,Malinoski,NA,100,0,0,0,NA,State House District 82,Kent,081,645787,male,0.99
MI,83,John Fitzgerald,John,NA,Fitzgerald,NA,200,1,0,0,NA,State House District 83,Kent,081,2692560,male,1
MI,83,Cindy Ramirez Amante,Cindy,NA,Ramirez Amante,NA,100,0,1,0,NA,State House District 83,Kent,081,476902,female,1
MI,83,Tommy Brann,Tommy,NA,Brann,NA,100,0,0,0,NA,State House District 83,Kent,081,181720,male,0.99
MI,83,Miguel Pilar,Miguel,NA,Pilar,NA,100,0,1,0,NA,State House District 83,Kent,081,1041876,male,1
MI,84,Carol Glanville,Carol,NA,Glanville,NA,200,1,0,0,NA,State House District 84,Kent,081,476340,female,0.99
MI,84,Justin Rackham,Justin,NA,Rackham,NA,200,0,0,0,NA,State House District 84,Kent,081,440077,male,0.99
MI,84,Ben June,Ben,NA,June,NA,100,0,0,0,NA,State House District 84,Kent,081,559723,male,0.98
MI,84,John Wetzel,John,NA,Wetzel,NA,100,0,0,0,NA,State House District 84,Kent,081,2692560,male,1
MI,85,Bradley Slagh,Bradley,NA,Slagh,NA,100,1,0,0,NA,State House District 85,Ottawa,139,90017,male,1
MI,85,Marcia Mansaray,Marcia,NA,Mansaray,NA,200,0,0,0,NA,State House District 85,Ottawa,139,197260,female,1
MI,86,Nancy De Boer,Nancy,NA,DeBoer,NA,100,1,0,0,NA,State House District 86,Ottawa,139,668231,female,1
MI,86,Abby Klomparens,Abby,NA,Klomparens,NA,200,0,0,0,NA,State House District 86,Ottawa,139,77693,female,0.98
MI,87,Will Snyder,Will,NA,Snyder,NA,200,1,0,0,NA,State House District 87,Muskegon,121,168243,male,0.99
MI,87,Chip Chipman,Chip,NA,Chipman,NA,100,0,0,0,NA,State House District 87,Muskegon,121,19906,male,0.99
MI,87,Rich McClain,Rich,NA,McClain,NA,300,0,0,0,Libertarian Party,State House District 87,Muskegon,121,114319,male,0.99
MI,88,Greg VanWoerkom,Greg,NA,VanWoerkom,NA,100,1,0,0,NA,State House District 88,Ottawa,139,385841,male,1
MI,88,Tim Meyer,Tim,NA,Meyer,NA,200,0,0,0,NA,State House District 88,Ottawa,139,566116,male,1
MI,89,Luke Meerman,Luke,NA,Meerman,NA,100,1,0,0,NA,State House District 89,Ottawa,139,205280,male,1
MI,89,Lois E Maassen,Lois,E,Maassen,NA,200,0,0,0,NA,State House District 89,Ottawa,139,57781,female,0.96
MI,90,Bryan Posthumus,Bryan,NA,Posthumus,NA,100,1,0,0,NA,State House District 90,Kent,081,316081,male,1
MI,90,William J Higgins,William,J,Higgins,NA,200,0,0,0,NA,State House District 90,Kent,081,915825,male,1
MI,91,Pat Outman,Pat,NA,Outman,NA,100,1,0,0,NA,State House District 91,Montcalm,117,93631,male,0.51
MI,91,Jason A Dillingham,Jason,A,Dillingham,NA,200,0,0,0,NA,State House District 91,Montcalm,117,786241,male,1
MI,92,Jerry Neyer,Jerry,NA,Neyer,NA,100,1,0,0,NA,State House District 92,Isabella,073,306465,male,0.99
MI,92,Timothy Odykirk,Timothy,NA,Odykirk,NA,200,0,0,0,NA,State House District 92,Isabella,073,226613,male,1
MI,93,Tim Kelly,Tim,NA,Kelly,NA,100,0,0,0,NA,State House District 93,Saginaw,145,566116,male,1
MI,93,Kevin C Seamon,Kevin,C,Seamon,NA,200,0,0,0,NA,State House District 93,Saginaw,145,1257153,male,1
MI,94,Amos O'Neal,Amos,NA,O'Neal,NA,200,1,0,0,NA,State House District 94,Saginaw,145,37699,male,0.98
MI,94,Geoffrey Weil,Geoffrey,NA,Weil,NA,100,0,0,0,NA,State House District 94,Saginaw,145,80048,male,1
MI,94,Robert E Zelle,Robert,E,Zelle,NA,100,0,0,0,NA,State House District 94,Saginaw,145,1566661,male,1
MI,95,Bill G Schuette,Bill,G,Schuette,NA,100,1,0,0,NA,State House District 95,Midland,111,465128,male,1
MI,95,Sabrina Lopez,Sabrina,NA,Lopez,NA,200,0,0,0,NA,State House District 95,Midland,111,455136,female,0.99
MI,96,Timothy Beson,Timothy,NA,Beson,NA,100,1,0,0,NA,State House District 96,Bay,017,226613,male,1
MI,96,Chaz Fowler,Chaz,NA,Fowler,NA,100,0,0,0,NA,State House District 96,Bay,017,7541,male,0.95
MI,96,Rudy M Howard Jr,Rudy,M,Howard,Jr,200,0,0,0,NA,State House District 96,Bay,017,104383,male,0.98
MI,97,Matthew Bierlein,Matthew,NA,Bierlein,NA,100,1,0,0,NA,State House District 97,Tuscola,157,653710,male,1
MI,97,Mark Putnam,Mark,NA,Putnam,NA,200,0,0,0,NA,State House District 97,Tuscola,157,1378167,male,1
MI,98,Gregory L Alexander,Gregory,L,Alexander,NA,100,1,0,0,NA,State House District 98,Huron,063,204650,male,1
MI,98,April L Osentoski,April,L,Osentoski,NA,200,0,0,0,NA,State House District 98,Huron,063,145676,female,0.99
MI,99,Mike Hoadley,Mike,NA,Hoadley,NA,100,1,0,0,NA,State House District 99,Iosco,069,1145946,male,1
MI,99,Jon LeRoux,Jon,NA,LeRoux,NA,200,0,0,0,NA,State House District 99,Iosco,069,300528,male,0.99
MI,100,Tom Kunse,Tom,NA,Kunse,NA,100,1,0,0,NA,State House District 100,Osceola,133,841896,male,0.99
MI,100,Tracy Ruell,Tracy,NA,Ruell,NA,200,0,0,0,NA,State House District 100,Osceola,133,71343,female,0.94
MI,100,Jamie McClendon,Jamie,NA,McClendon,NA,200,0,0,0,NA,State House District 100,Osceola,133,107043,male,0.66
MI,101,Joseph D Fox,Joseph,D,Fox,NA,100,1,0,0,NA,State House District 101,Newaygo,123,790654,male,0.99
MI,101,Brandon Scott McDonald,Brandon,Scott,McDonald,NA,100,0,0,0,NA,State House District 101,Newaygo,123,350589,male,1
MI,101,Christopher R Crain,Christopher,R,Crain,NA,200,0,0,0,NA,State House District 101,Newaygo,123,661299,male,1
MI,102,Curt VanderWall,Curt,NA,VanderWall,NA,100,1,0,0,NA,State House District 102,Oceana,127,25901,male,1
MI,102,Kathy Pelleran-Mahoney,Kathy,NA,Pelleran-Mahoney,NA,200,0,0,0,NA,State House District 102,Oceana,127,369756,female,1
MI,103,Betsy Coffia,Betsy,NA,Coffia,NA,200,1,0,0,NA,State House District 103,Leelanau,089,53430,female,1
MI,103,Tripp Garcia,Tripp,NA,Garcia,NA,100,0,0,0,NA,State House District 103,Leelanau,089,2310,male,1
MI,103,Katie Kniss,Katie,NA,Kniss,NA,100,0,0,0,NA,State House District 103,Leelanau,089,327142,female,1
MI,103,Lisa Trombley,Lisa,NA,Trombley,NA,100,0,0,0,NA,State House District 103,Leelanau,089,990101,female,1
MI,104,John Roth,John,NA,Roth,NA,100,1,0,0,NA,State House District 104,Benzie,019,2692560,male,1
MI,104,Owen J Suhy,Owen,J,Suhy,NA,100,0,0,0,NA,State House District 104,Benzie,019,64138,male,0.99
MI,104,Larry Knight,Larry,NA,Knight,NA,200,0,0,0,NA,State House District 104,Benzie,019,299788,male,1
MI,104,Randy Bishop,Randy,NA,Bishop,NA,200,0,1,0,NA,State House District 104,Benzie,019,223897,male,0.99
MI,104,Tyler Lautern,Tyler,NA,Lautern,NA,300,0,0,0,Liberatrian Party,State House District 104,Benzie,019,216488,male,0.99
MI,104,Cathy Albro,Cathy,NA,Albro,NA,300,0,0,0,Independent,State House District 104,Benzie,019,262158,female,1
MI,105,Ken Borton,Ken,NA,Borton,NA,100,1,0,0,NA,State House District 105,Roscommon,143,337251,male,0.99
MI,105,Christian Marcus,Christian,NA,Marcus,NA,100,0,0,0,NA,State House District 105,Roscommon,143,925951,male,0.99
MI,105,James Wojey,James,NA,Wojey,NA,200,0,0,0,NA,State House District 105,Roscommon,143,1458986,male,1
MI,106,Cam Cavitt,Cam,NA,Cavitt,NA,100,1,0,0,NA,State House District 106,Presque Isle,141,10225,male,0.63
MI,106,Todd J Smalenberg,Todd,J,Smalenberg,NA,100,0,0,0,NA,State House District 106,Presque Isle,141,179593,male,1
MI,106,Mary Lucille Hamilton,Mary,Lucille,Hamilton,NA,200,0,0,0,NA,State House District 106,Presque Isle,141,1353810,female,0.99
MI,106,Trina Borenstein,Trina,NA,Borenstein,NA,200,0,0,0,NA,State House District 106,Presque Isle,141,27325,female,1
MI,107,Neil Friske,Neil,NA,Friske,NA,100,1,0,0,NA,State House District 107,Mackinac,097,206722,male,1
MI,107,Jackson Emery Ingalls,Jackson,Emery,Ingalls,NA,100,0,1,0,NA,State House District 107,Mackinac,097,88360,male,0.99
MI,107,Parker Fairbairn,Parker,NA,Fairbairn,NA,100,0,0,0,NA,State House District 107,Mackinac,097,6354,male,0.91
MI,107,Jodi Decker,Jodi,NA,Decker,NA,200,0,0,0,NA,State House District 107,Mackinac,097,58753,female,0.99
MI,108,Dave Prestin,Dave,NA,Prestin,NA,100,1,0,0,NA,State House District 108,Delta,041,515066,male,1
MI,108,Christiana Reynolds,Christiana,NA,Reynolds,NA,200,0,0,0,NA,State House District 108,Delta,041,22952,female,0.99
MI,108,Kayla Wikstrom,Kayla,NA,Wikstrom,NA,300,0,0,0,Libertarian Party,State House District 108,Delta,041,125222,female,1
MI,109,Jenn Hill,Jenn,NA,Hill,NA,200,1,0,0,NA,State House District 109,Alger,003,39556,female,0.99
MI,109,Randy Girard,Randy,NA,Girard,NA,200,0,0,0,NA,State House District 109,Alger,003,223897,male,0.99
MI,109,Margaret Brumm,Margaret,NA,Brumm,NA,200,0,0,0,NA,State House District 109,Alger,003,265155,female,1
MI,109,Karl Bohnak,Karl,NA,Bohnak,NA,100,0,0,0,NA,State House District 109,Alger,003,158273,male,0.99
MI,109,Burt Mason,Burt,NA,Mason,NA,100,0,0,0,NA,State House District 109,Alger,003,6232,male,0.99
MI,109,Melody Wagner,Melody,NA,Wagner,NA,100,0,0,0,NA,State House District 109,Alger,003,69001,female,0.99
MI,109,George Meister,George,NA,Meister,NA,100,0,1,0,NA,State House District 109,Alger,003,673079,male,0.99
MI,110,Gregory J Markkanen,Gregory,J,Markkanen,NA,100,1,0,0,NA,State House District 110,Keweenaw,083,204650,male,1
MI,110,Kim S Corcoran,Kim,S,Corcoran,NA,200,0,0,0,NA,State House District 110,Keweenaw,083,196245,female,0.75
GA,1,John B Zibluk,John,B,Zibluk,NA,200,0,0,0,NA,State House District 1,Walker,295,2692560,male,1
GA,1,Mike Cameron,Mike,NA,Cameron,NA,100,1,0,0,NA,State House District 1,Walker,295,1145946,male,1
GA,2,Steve Tarvin,Steve,NA,Tarvin,NA,100,1,0,0,NA,State House District 2,Walker,295,864950,male,1
GA,3,Mitchell Horner,Mitchell,NA,Horner,NA,100,1,0,0,NA,State House District 3,Catoosa,047,70749,male,0.99
GA,4,Kasey Carpenter,Kasey,NA,Carpenter,NA,100,1,0,0,NA,State House District 4,Whitfield,313,4917,female,0.74
GA,5,Matt Barton,Matt,NA,Barton,NA,100,1,0,0,NA,State House District 5,Gordon,129,484010,male,1
GA,6,Cathy Kott,Cathy,NA,Kott,NA,200,0,0,0,NA,State House District 6,Murray,213,262158,female,1
GA,6,Jason T. Ridley,Jason,T.,Ridley,NA,100,1,0,0,NA,State House District 6,Murray,213,786241,male,1
GA,7,Johnny Chastain,Johnny,NA,Chastain,NA,100,1,0,0,NA,State House District 7,Gilmer,123,225733,male,0.99
GA,8,Charlotte Sleczkowski,Charlotte,NA,Sleczkowski,NA,200,0,0,0,NA,State House District 8,Union,291,307975,female,0.99
GA,8,Dick Mills,Dick,NA,Mills,NA,100,0,0,0,NA,State House District 8,Union,291,74226,male,0.99
GA,8,Stan Gunter,Stan,NA,Gunter,NA,100,1,0,0,NA,State House District 8,Union,291,81520,male,0.98
GA,9,William S. Wade,William,S.,Wade,NA,100,1,0,0,NA,State House District 9,Lumpkin,187,915825,male,1
GA,10,Paulette Williams,Paulette,NA,Williams,NA,200,0,0,0,NA,State House District 10,Rabun,241,36602,female,1
GA,10,Victor Anderson,Victor,NA,Anderson,NA,100,1,0,0,NA,State House District 10,Rabun,241,914605,male,1
GA,11,Kayla L. Hollifield,Kayla,L.,Hollifield,NA,200,0,0,0,NA,State House District 11,Pickens,227,125222,female,1
GA,11,Rick Jasperse,Rick,NA,Jasperse,NA,100,1,0,0,NA,State House District 11,Pickens,227,319578,male,1
GA,12,Eddie Lumsden,Eddie,NA,Lumsden,NA,100,1,0,0,NA,State House District 12,Floyd,115,63313,male,0.98
GA,12,Logan Johnson,Logan,NA,Johnson,NA,200,0,0,0,NA,State House District 12,Floyd,115,29274,male,0.93
GA,13,Katie Dempsey,Katie,NA,Dempsey,NA,100,1,0,0,NA,State House District 13,Floyd,115,327142,female,1
GA,13,Kevin Aronhalt,Kevin,NA,Aronhalt,NA,200,0,0,0,NA,State House District 13,Floyd,115,1257153,male,1
GA,14,Mitchell L. Scoggins,Mitchell,L.,Scoggins,NA,100,1,0,0,NA,State House District 14,Bartow,015,70749,male,0.99
GA,15,Matthew Gambill,Matthew,NA,Gambill,NA,100,1,0,0,NA,State House District 15,Bartow,015,653710,male,1
GA,16,Trey Kelley,Trey,NA,Kelley,NA,100,1,0,0,NA,State House District 16,Polk,233,27337,male,0.99
GA,17,Martin Momtahan,Martin,NA,Momtahan,NA,100,1,0,0,NA,State House District 17,Paulding,223,1077102,male,0.99
GA,18,Tyler Paul Smith,Tyler,Paul,Smith,NA,100,1,0,0,NA,State House District 18,Haralson,143,216488,male,0.99
GA,19,Joseph Gullett,Joseph,NA,Gullett,NA,100,1,0,0,NA,State House District 19,Paulding,223,790654,male,0.99
GA,19,RJ Coyle,RJ,NA,Coyle,NA,200,0,0,0,NA,State House District 19,Paulding,223,28232,male,0.94
GA,20,Charlice Byrd,Charlice,NA,Byrd,NA,100,1,0,0,NA,State House District 20,Cherokee,057,96,female,0.97
GA,21,Brad Thomas,Brad,NA,Thomas,NA,100,1,0,0,NA,State House District 21,Cherokee,057,195732,male,1
GA,21,Gregg Kirkpatrick,Gregg,NA,Kirkpatrick,NA,100,0,0,0,NA,State House District 21,Cherokee,057,31399,male,1
GA,21,Mitchell Simmons,Mitchell,NA,Simmons,NA,200,0,0,0,NA,State House District 21,Cherokee,057,70749,male,0.99
GA,22,"James ""Jl"" Shade",James,Jl,Shade,NA,200,0,0,0,NA,State House District 22,Cherokee,057,1458986,male,1
GA,22,Jordan Ridley,Jordan,NA,Ridley,NA,100,1,0,0,NA,State House District 22,Cherokee,057,148590,male,0.9
GA,22,Paul G. Kettering,Paul,G.,Kettering,NA,100,0,0,0,NA,State House District 22,Cherokee,057,1470730,male,1
GA,23,Mandi Ballinger,Mandi,NA,Ballinger,NA,100,1,0,0,NA,State House District 23,Cherokee,057,15146,female,0.88
GA,24,Carter Barrett,Carter,NA,Barrett,NA,100,1,0,0,NA,State House District 24,Forsyth,117,7104,male,0.93
GA,24,Randye Dugan,Randye,NA,Dugan,NA,200,0,0,0,NA,State House District 24,Forsyth,117,129,female,0.95
GA,25,Cary Lucas,Cary,NA,Lucas,NA,100,0,0,0,NA,State House District 25,Forsyth,117,6214,male,0.55
GA,25,Todd Jones,Todd,NA,Jones,NA,100,1,0,0,NA,State House District 25,Forsyth,117,179593,male,1
GA,25,Elaine Padgett,Elaine,NA,Padgett,NA,200,0,0,0,NA,State House District 25,Forsyth,117,248452,female,1
GA,26,Lakiea J. Bailey,Lakiea,J.,Bailey,NA,200,0,0,0,NA,State House District 26,Forsyth,117,34,female,1
GA,26,Lauren Wylie McDonald III,Lauren,Wylie,McDonald,III,100,1,0,0,NA,State House District 26,Forsyth,117,353212,female,0.99
GA,27,Lee Hawkins,Lee,NA,Hawkins,NA,100,1,0,0,NA,State House District 27,Hall,139,175388,male,0.75
GA,28,Brent Cox,Brent,NA,Cox,NA,100,1,0,0,NA,State House District 28,Forsyth,117,101316,male,1
GA,28,Michael D. Henson,Michael,D.,Henson,NA,200,0,0,0,NA,State House District 28,Forsyth,117,2530843,male,1
GA,29,Matt Dubnik,Matt,NA,Dubnik,NA,100,1,0,0,NA,State House District 29,Hall,139,484010,male,1
GA,30,Derrick McCollum,Derrick,NA,McCollum,NA,100,1,0,0,NA,State House District 30,Hall,139,74422,male,1
GA,30,Norine Cantor,Norine,NA,Cantor,NA,100,0,0,0,NA,State House District 30,Hall,139,1969,female,0.93
GA,30,Kim Larkin-Floria,Kim,NA,Larkin-Floria,NA,200,0,0,0,NA,State House District 30,Hall,139,196245,female,0.75
GA,31,Emory West Dunahoo Jr,Emory,West,Dunahoo,Jr,100,1,0,0,NA,State House District 31,Jackson,157,606,male,0.83
GA,32,Chris Erwin,Chris,NA,Erwin,NA,100,1,0,0,NA,State House District 32,Banks,011,558338,male,0.91
GA,33,Alan Powell,Alan,NA,Powell,NA,100,1,0,0,NA,State House District 33,Franklin,119,513691,male,1
GA,34,Devan Seabaugh,Devan,NA,Seabaugh,NA,100,1,0,0,NA,State House District 34,Cobb,067,3463,male,0.85
GA,34,Karl Gallegos,Karl,NA,Gallegos,NA,200,0,0,0,NA,State House District 34,Cobb,067,158273,male,0.99
GA,35,Gary Cecil Chaffee,Gary,Cecil,Chaffee,NA,100,0,0,0,NA,State House District 35,Cobb,067,504588,male,1
GA,35,Lisa Gayle Campbell,Lisa,Gayle,Campbell,NA,200,1,0,0,NA,State House District 35,Cobb,067,990101,female,1
GA,36,James F Ryner,James,F,Ryner,NA,200,0,1,0,NA,State House District 36,Cobb,067,1458986,male,1
GA,36,Steven Lang,Steven,NA,Lang,NA,200,0,1,0,NA,State House District 36,Cobb,067,622799,male,1
GA,36,Ginny Ehrhart,Ginny,NA,Ehrhart,NA,100,1,0,0,NA,State House District 36,Cobb,067,27376,female,1
GA,37,Mary Frances Williams,Mary,Frances,Williams,NA,200,1,0,0,NA,State House District 37,Cobb,067,1353810,female,0.99
GA,37,Shea Taylor,Shea,NA,Taylor,NA,100,0,0,0,NA,State House District 37,Cobb,067,2926,female,0.53
GA,38,David Lawrence Wilkerson,David,Lawrence,Wilkerson,NA,200,1,0,0,NA,State House District 38,Cobb,067,3489607,male,1
GA,38,Martine Claude Maignan,Martine,Claude,Maignan,NA,200,0,0,0,NA,State House District 38,Cobb,067,112588,female,0.99
GA,39,Terry Cummings,Terry,NA,Cummings,NA,200,1,0,0,NA,State House District 39,Cobb,067,89955,male,0.75
GA,40,Abby Amore,Abby,NA,Amore,NA,200,0,0,0,NA,State House District 40,Cobb,067,77693,female,0.98
GA,40,Montenia Edwards,Montenia,NA,Edwards,NA,200,0,0,0,NA,State House District 40,Cobb,067,1,male,1
GA,40,Kimberly R. New,Kimberly,R.,New,NA,100,1,0,0,NA,State House District 40,Cobb,067,311636,female,1
GA,41,Andrea Smith,Andrea,NA,Smith,NA,100,0,0,0,NA,State House District 41,Cobb,067,1672295,female,0.69
GA,41,Michael Smith,Michael,NA,Smith,NA,200,1,0,0,NA,State House District 41,Cobb,067,2530843,male,1
GA,42,Diane E. Jackson,Diane,E.,Jackson,NA,100,0,0,0,NA,State House District 42,Cobb,067,327365,female,1
GA,42,Gabriel Sanchez,Gabriel,NA,Sanchez,NA,200,0,0,0,NA,State House District 42,Cobb,067,653430,male,0.99
GA,42,Teri Anulewicz,Teri,NA,Anulewicz,NA,200,1,0,0,NA,State House District 42,Cobb,067,42885,female,0.99
GA,43,Solomon Adesanya,Solomon,NA,Adesanya,NA,200,1,0,0,NA,State House District 43,Cobb,067,62222,male,0.98
GA,44,Danielle Bell,Danielle,NA,Bell,NA,200,0,0,0,NA,State House District 44,Cobb,067,372354,female,1
GA,44,Don L. Parsons,Don,L.,Parsons,NA,100,1,0,0,NA,State House District 44,Cobb,067,307854,male,0.99
GA,45,Eric Castater,Eric,NA,Castater,NA,200,0,0,0,NA,State House District 45,Cobb,067,980705,male,1
GA,45,Sharon Cooper,Sharon,NA,Cooper,NA,100,1,0,0,NA,State House District 45,Cobb,067,489621,female,0.99
GA,46,John K. Carson,John,K.,Carson,NA,100,1,0,0,NA,State House District 46,Cobb,067,2692560,male,1
GA,46,Micheal Garza,Micheal,NA,Garza,NA,200,0,0,0,NA,State House District 46,Cobb,067,60912,male,0.98
GA,47,Anthia Carter,Anthia,NA,Carter,NA,200,0,0,0,NA,State House District 47,Fulton,121,578,female,0.99
GA,47,Debra Shigley,Debra,NA,Shigley,NA,200,0,0,0,NA,State House District 47,Fulton,121,156684,female,1
GA,47,Jan Jones,Jan,NA,Jones,NA,100,1,0,0,NA,State House District 47,Fulton,121,343839,male,0.89
GA,47,"P. ""Phoebe"" Eckhardt",P.,Phoebe,Eckhardt,NA,100,0,0,0,NA,State House District 47,Fulton,121,11866,male,0.76
GA,48,Laura Murvartian,Laura,NA,Murvartian,NA,200,0,0,0,NA,State House District 48,Fulton,121,1745666,female,0.99
GA,48,Scott Hilton,Scott,NA,Hilton,NA,100,1,0,0,NA,State House District 48,Fulton,121,603708,male,1
GA,49,Charles Squires,Charles,NA,Squires,NA,200,0,0,0,NA,State House District 49,Fulton,121,575002,male,1
GA,49,Grace Demit,Grace,NA,Demit,NA,200,0,0,0,NA,State House District 49,Fulton,121,291069,female,0.99
GA,49,Chuck Martin,Chuck,NA,Martin,NA,100,1,0,0,NA,State House District 49,Fulton,121,109325,male,1
GA,49,Michael Gordon,Michael,NA,Gordon,NA,100,0,0,0,NA,State House District 49,Fulton,121,2530843,male,1
GA,50,Michelle Au,Michelle,NA,Au,NA,200,1,0,0,NA,State House District 50,Fulton,121,904069,female,1
GA,50,Narender Reddy,Narender,NA,Reddy,NA,100,0,0,0,NA,State House District 50,Fulton,121,1902,male,0.98
GA,51,Derek Keith Gettmann,Derek,Keith,Gettmann,NA,100,0,0,0,NA,State House District 51,Fulton,121,188366,male,1
GA,51,Esther Panitch,Esther,NA,Panitch,NA,200,1,0,0,NA,State House District 51,Fulton,121,351229,female,0.99
GA,52,Robert Brandon McNeily,Robert,Brandon,McNeily,NA,100,0,0,0,NA,State House District 52,Fulton,121,1566661,male,1
GA,52,Shea Roberts,Shea,NA,Roberts,NA,200,1,0,0,NA,State House District 52,Fulton,121,2926,female,0.53
GA,53,Deborah Silcox,Deborah,NA,Silcox,NA,100,1,0,0,NA,State House District 53,Fulton,121,329984,female,1
GA,53,Susie Greenberg,Susie,NA,Greenberg,NA,200,0,0,0,NA,State House District 53,Fulton,121,59340,female,1
GA,54,Betsy Holland,Betsy,NA,Holland,NA,200,1,0,0,NA,State House District 54,Fulton,121,53430,female,1
GA,54,"Samantha ""Sam"" Brown-Parks",Samantha,Sam,Brown-Parks,NA,100,0,0,0,NA,State House District 54,Fulton,121,416919,female,0.99
GA,55,Inga S. Willis,Inga,S.,Willis,NA,200,1,0,0,NA,State House District 55,Fulton,121,38367,female,0.98
GA,55,Samuel S. Lenaeus,Samuel,S.,Lenaeus,NA,100,0,0,0,NA,State House District 55,Fulton,121,603089,male,0.99
GA,56,Adalina 'Ada' Merello,Adalina,Ada',Merello,NA,200,0,0,0,NA,State House District 56,Fulton,121,337,female,0.99
GA,56,Bryce Berry,Bryce,NA,Berry,NA,200,0,0,0,NA,State House District 56,Fulton,121,9846,male,0.97
GA,56,Corwin CP Monson,Corwin,CP,Monson,NA,200,0,0,0,NA,State House District 56,Fulton,121,1572,male,0.99
GA,56,Dawn Samad,Dawn,NA,Samad,NA,200,0,0,0,NA,State House District 56,Fulton,121,206100,female,1
GA,56,"William ""Leonard"" Watkins",William,Leonard,Watkins,NA,200,0,0,0,NA,State House District 56,Fulton,121,915825,male,1
GA,56,Mesha K. Mainor,Mesha,K.,Mainor,NA,100,1,0,0,NA,State House District 56,Fulton,121,1903,female,0.91
GA,57,Julie Allen,Julie,NA,Allen,NA,100,0,0,0,NA,State House District 57,Fulton,121,754260,female,0.99
GA,57,Stacey Evans,Stacey,NA,Evans,NA,200,1,0,0,NA,State House District 57,Fulton,121,35043,female,0.96
GA,58,Park Elizabeth Cannon,Park,Elizabeth,Cannon,NA,200,1,0,0,NA,State House District 58,Fulton,121,15339,male,0.8
GA,59,Maurice Mpayamaguru,Maurice,NA,Mpayamaguru,NA,100,0,0,0,NA,State House District 59,Fulton,121,112532,male,0.99
GA,59,Phil Olaleye,Phil,NA,Olaleye,NA,200,1,0,0,NA,State House District 59,Fulton,121,221477,male,0.99
GA,60,Cathy G. Henson,Cathy,G.,Henson,NA,100,0,0,0,NA,State House District 60,Fulton,121,262158,female,1
GA,60,Diane Clair,Diane,NA,Clair,NA,200,0,0,0,NA,State House District 60,Fulton,121,327365,female,1
GA,60,Sheila Jones,Sheila,NA,Jones,NA,200,1,0,0,NA,State House District 60,Fulton,121,219906,female,1
GA,61,De'Lonn Brown,De'Lonn,NA,Brown,NA,200,0,0,0,NA,State House District 61,Douglas,097,NA,NA,NA
GA,61,Mekyah McQueen,Mekyah,NA,McQueen,NA,200,0,0,0,NA,State House District 61,Douglas,097,33,female,1
GA,62,Tanya F. Miller,Tanya,F.,Miller,NA,200,1,0,0,NA,State House District 62,Fulton,121,170698,female,1
GA,63,Kim Schofield,Kim,NA,Schofield,NA,200,1,0,0,NA,State House District 63,Fulton,121,196245,female,0.75
GA,64,Cassaundra Burks,Cassaundra,NA,Burks,NA,100,0,0,0,NA,State House District 64,Douglas,097,1074,female,1
GA,64,Sylvia Wayfer Baker,Sylvia,Wayfer,Baker,NA,200,0,0,0,NA,State House District 64,Douglas,097,196403,female,1
GA,65,De'Andre S. Pickett,De'Andre,S.,Pickett,NA,200,0,0,0,NA,State House District 65,Fulton,121,326,male,1
GA,65,Mel Keyton,Mel,NA,Keyton,NA,200,0,0,0,NA,State House District 65,Fulton,121,46289,female,0.78
GA,65,Robert Dawson,Robert,NA,Dawson,NA,200,0,0,0,NA,State House District 65,Fulton,121,1566661,male,1
GA,65,Sam Wakefield,Sam,NA,Wakefield,NA,200,0,0,0,NA,State House District 65,Fulton,121,645671,male,0.9
GA,66,Kimberly Alexander,Kimberly,NA,Alexander,NA,200,1,0,0,NA,State House District 66,Douglas,097,311636,female,1
GA,67,Kevin G. Smith,Kevin,G.,Smith,NA,100,0,0,0,NA,State House District 67,Fulton,121,1257153,male,1
GA,67,Lydia Glaize,Lydia,NA,Glaize,NA,200,1,0,0,NA,State House District 67,Fulton,121,162110,female,0.99
GA,67,Matthew Hammett,Matthew,NA,Hammett,NA,100,0,0,0,NA,State House District 67,Fulton,121,653710,male,1
GA,68,Derrick L. Jackson,Derrick,L.,Jackson,NA,200,1,0,0,NA,State House District 68,Fayette,113,74422,male,1
GA,69,Bobby B. Ferrell,Bobby,B.,Ferrell,NA,200,0,0,0,NA,State House District 69,Fayette,113,145014,male,0.98
GA,69,Cobie Lyrix Brown,Cobie,Lyrix,Brown,NA,200,0,0,0,NA,State House District 69,Fayette,113,1117,female,0.88
GA,69,Debra Bazemore,Debra,NA,Bazemore,NA,200,1,0,0,NA,State House District 69,Fayette,113,156684,female,1
GA,69,Jared Daigre,Jared,NA,Daigre,NA,200,0,0,0,NA,State House District 69,Fayette,113,105432,male,1
GA,69,Ray Mills,Ray,NA,Mills,NA,200,0,0,0,NA,State House District 69,Fayette,113,245933,male,0.98
GA,70,Diane Boulai,Diane,NA,Boulai,NA,200,0,0,0,NA,State House District 70,Coweta,077,327365,female,1
GA,70,Lynn Smith,Lynn,NA,Smith,NA,100,1,0,0,NA,State House District 70,Coweta,077,54997,female,0.94
GA,71,"Justin ""Jutt"" Howard",Justin,Jutt,Howard,NA,100,0,0,0,NA,State House District 71,Carroll,045,440077,male,0.99
GA,71,Marc Lattanzio,Marc,NA,Lattanzio,NA,100,0,0,0,NA,State House District 71,Carroll,045,523785,male,1
GA,71,Kwasi Hudson,Kwasi,NA,Hudson,NA,200,0,0,0,NA,State House District 71,Carroll,045,5334,male,0.99
GA,72,David Huddleston,David,NA,Huddleston,NA,100,1,0,0,NA,State House District 72,Heard,149,3489607,male,1
GA,72,Rodney R. Moore,Rodney,R.,Moore,NA,200,0,0,0,NA,State House District 72,Heard,149,88155,male,1
GA,73,Josh Bonner,Josh,NA,Bonner,NA,100,1,0,0,NA,State House District 73,Coweta,077,292629,male,1
GA,73,Tim Wilkinson,Tim,NA,Wilkinson,NA,200,0,0,0,NA,State House District 73,Coweta,077,566116,male,1
GA,73,Tom Thomason,Tom,NA,Thomason,NA,200,0,0,0,NA,State House District 73,Coweta,077,841896,male,0.99
GA,74,Maggy Martinez,Maggy,NA,Martinez,NA,200,0,0,0,NA,State House District 74,Spalding,255,13659,female,0.99
GA,74,Robert Flournoy Jr,Robert,NA,Flournoy,Jr,200,0,0,0,NA,State House District 74,Spalding,255,1566661,male,1
GA,75,Eric W. Bell II,Eric,W.,Bell,II,200,1,0,0,NA,State House District 75,Clayton,063,980705,male,1
GA,75,Michael Glanton Jr.,Michael,Glanton,Jr.,NA,200,0,0,0,NA,State House District 75,Clayton,063,2530843,male,1
GA,76,Sandra Givens Scott,Sandra,Givens,Scott,NA,200,1,0,0,NA,State House District 76,Clayton,063,1411970,female,0.99
GA,77,Rhonda Michelle Burnough,Rhonda,Michelle,Burnough,NA,200,1,0,0,NA,State House District 77,Clayton,063,99130,female,1
GA,78,Demetrius Douglas,Demetrius,NA,Douglas,NA,200,1,0,0,NA,State House District 78,Clayton,063,3361,male,0.97
GA,79,Yasmin Neal,Yasmin,NA,Neal,NA,200,1,0,0,NA,State House District 79,Clayton,063,128046,female,0.98
GA,80,Brian Anderson,Brian,NA,Anderson,NA,100,0,0,0,NA,State House District 80,DeKalb,089,860237,male,1
GA,80,Long Tran,Long,NA,Tran,NA,200,1,0,0,NA,State House District 80,DeKalb,089,25966,male,0.96
GA,81,Lauren Daniel,Lauren,NA,Daniel,NA,100,1,0,0,NA,State House District 81,DeKalb,089,353212,female,0.99
GA,81,Noelle Kahaian,Noelle,NA,Kahaian,NA,100,0,0,0,NA,State House District 81,DeKalb,089,26848,female,0.99
GA,81,Mishael White,Mishael,NA,White,NA,200,0,0,0,NA,State House District 81,DeKalb,089,772,male,0.79
GA,82,Anthony Dickson,Anthony,NA,Dickson,NA,200,0,0,0,NA,State House District 82,DeKalb,089,804081,male,1
GA,82,Karen I. Mathiak,Karen,I.,Mathiak,NA,100,1,0,0,NA,State House District 82,DeKalb,089,967037,female,0.99
GA,83,Catherine S. Bernard,Catherine,S.,Bernard,NA,100,0,0,0,NA,State House District 83,DeKalb,089,489153,female,1
GA,83,Karen Lupton,Karen,NA,Lupton,NA,200,1,0,0,NA,State House District 83,DeKalb,089,967037,female,0.99
GA,84,Hunter Kemp,Hunter,NA,Kemp,NA,200,0,0,0,NA,State House District 84,DeKalb,089,17713,male,0.94
GA,84,Mary Margaret Oliver,Mary,Margaret,Oliver,NA,200,1,0,0,NA,State House District 84,DeKalb,089,1353810,female,0.99
GA,85,Karla L. Drenner,Karla,L.,Drenner,NA,200,1,0,0,NA,State House District 85,DeKalb,089,257897,female,0.99
GA,86,"Barry ""Z"" Zisholtz",Barry,Z,Zisholtz,NA,100,0,0,0,NA,State House District 86,DeKalb,089,180793,male,0.99
GA,86,Imani Barnes,Imani,NA,Barnes,NA,200,1,0,0,NA,State House District 86,DeKalb,089,2762,female,0.86
GA,87,Viola Davis,Viola,NA,Davis,NA,200,1,0,0,NA,State House District 87,DeKalb,089,59183,female,0.99
GA,88,Billy Mitchell,Billy,NA,Mitchell,NA,200,1,0,0,NA,State House District 88,DeKalb,089,162483,male,0.98
GA,88,William Park Freeman,William,Park,Freeman,NA,100,0,0,0,NA,State House District 88,DeKalb,089,915825,male,1
GA,89,Omari Crawford,Omari,NA,Crawford,NA,200,1,0,0,NA,State House District 89,DeKalb,089,2669,male,0.89
GA,90,Becky Evans,Becky,NA,Evans,NA,200,1,0,0,NA,State House District 90,DeKalb,089,157589,female,1
GA,90,Saira Draper,Saira,NA,Draper,NA,200,1,0,0,NA,State House District 90,DeKalb,089,17113,female,0.98
GA,91,Angela Moore,Angela,NA,Moore,NA,200,1,0,0,NA,State House District 91,Henry,151,925931,female,1
GA,91,Dee Dawkins-Haigler,Dee,NA,Dawkins-Haigler,NA,200,0,0,0,NA,State House District 91,Henry,151,33174,female,0.62
GA,91,Marcus Akins,Marcus,NA,Akins,NA,200,0,0,0,NA,State House District 91,Henry,151,227322,male,1
GA,92,Rhonda S. Taylor,Rhonda,S.,Taylor,NA,200,1,0,0,NA,State House District 92,Rockdale,247,99130,female,1
GA,93,Doreen Carter,Doreen,NA,Carter,NA,200,1,0,0,NA,State House District 93,Newton,217,60355,female,0.99
GA,94,Karen L. Bennett,Karen,L.,Bennett,NA,200,1,0,0,NA,State House District 94,Gwinnett,135,967037,female,0.99
GA,95,Dar'Shun Nicole Kendrick,Dar'Shun,Nicole,Kendrick,NA,200,1,0,0,NA,State House District 95,Rockdale,247,NA,NA,NA
GA,96,Arlene Beckles,Arlene,NA,Beckles,NA,200,0,0,0,NA,State House District 96,Gwinnett,135,62472,female,1
GA,96,Neva Thompson,Neva,NA,Thompson,NA,200,0,0,0,NA,State House District 96,Gwinnett,135,4873,female,0.96
GA,96,Sonia Lopez,Sonia,NA,Lopez,NA,200,0,0,0,NA,State House District 96,Gwinnett,135,629627,female,0.99
GA,97,Michael Allen Corbin,Michael,Allen,Corbin,NA,100,0,0,0,NA,State House District 97,Gwinnett,135,2530843,male,1
GA,97,Ruwa Romman,Ruwa,NA,Romman,NA,200,1,0,0,NA,State House District 97,Gwinnett,135,79,female,0.58
GA,98,Jorge Luis Granados,Jorge,Luis,Granados,NA,200,0,0,0,NA,State House District 98,Gwinnett,135,1254040,male,1
GA,98,Marvin Lim,Marvin,NA,Lim,NA,200,1,0,0,NA,State House District 98,Gwinnett,135,134456,male,0.99
GA,99,Matt Reeves,Matt,NA,Reeves,NA,100,1,0,0,NA,State House District 99,Gwinnett,135,484010,male,1
GA,99,Michelle Kang,Michelle,NA,Kang,NA,200,0,0,0,NA,State House District 99,Gwinnett,135,904069,female,1
GA,100,David Clark,David,NA,Clark,NA,100,1,0,0,NA,State House District 100,Gwinnett,135,3489607,male,1
GA,100,Michael Day,Michael,NA,Day,NA,100,0,0,0,NA,State House District 100,Gwinnett,135,2530843,male,1
GA,100,Jennifer Ambler,Jennifer,NA,Ambler,NA,200,0,0,0,NA,State House District 100,Gwinnett,135,1101898,female,1
GA,101,Kendra Biegalski,Kendra,NA,Biegalski,NA,100,0,0,0,NA,State House District 101,Gwinnett,135,47688,female,0.99
GA,101,Scott Holcomb,Scott,NA,Holcomb,NA,200,1,0,0,NA,State House District 101,Gwinnett,135,603708,male,1
GA,102,Gabe Okoye,Gabe,NA,Okoye,NA,200,1,0,0,NA,State House District 102,Gwinnett,135,23740,male,0.99
GA,102,J. Scott Vandiver,J.,Scott,Vandiver,NA,100,0,0,0,NA,State House District 102,Gwinnett,135,52399,male,0.88
GA,103,Chris Luchey,Chris,NA,Luchey,NA,200,0,0,0,NA,State House District 103,Gwinnett,135,558338,male,0.91
GA,103,Soo Hong,Soo,NA,Hong,NA,100,1,0,0,NA,State House District 103,Gwinnett,135,11385,female,0.69
GA,104,Chuck Efstration,Chuck,NA,Efstration,NA,100,1,0,0,NA,State House District 104,Barrow,013,109325,male,1
GA,105,Farooq Mughal,Farooq,NA,Mughal,NA,200,1,0,0,NA,State House District 105,Gwinnett,135,25643,male,0.98
GA,105,Sandy Donatucci,Sandy,NA,Donatucci,NA,100,0,0,0,NA,State House District 105,Gwinnett,135,130718,female,0.89
GA,106,Shelly Hutchinson,Shelly,NA,Hutchinson,NA,200,1,0,0,NA,State House District 106,Gwinnett,135,20492,female,0.97
GA,107,Hai Cao,Hai,NA,Cao,NA,100,0,0,0,NA,State House District 107,Gwinnett,135,7605,male,0.77
GA,107,Sam Park,Sam,NA,Park,NA,200,1,0,0,NA,State House District 107,Gwinnett,135,645671,male,0.9
GA,108,Elvia Davila,Elvia,NA,Davila,NA,100,0,0,0,NA,State House District 108,Gwinnett,135,32437,female,0.99
GA,108,Jasmine Clark,Jasmine,NA,Clark,NA,200,1,0,0,NA,State House District 108,Gwinnett,135,163228,female,0.99
GA,109,Dewey L. McClain,Dewey,L.,McClain,NA,200,1,0,0,NA,State House District 109,Gwinnett,135,4965,male,0.99
GA,110,Charles Lollar,Charles,NA,Lollar,NA,100,0,0,0,NA,State House District 110,Gwinnett,135,575002,male,1
GA,110,Segun Adeyina,Segun,NA,Adeyina,NA,200,1,0,0,NA,State House District 110,Gwinnett,135,11383,male,0.98
GA,111,Rey Martinez,Rey,NA,Martinez,NA,100,1,0,0,NA,State House District 111,Walton,297,47955,male,0.96
GA,111,Scott T. Jackson,Scott,T.,Jackson,NA,200,0,0,0,NA,State House District 111,Walton,297,603708,male,1
GA,112,Bruce Williamson,Bruce,NA,Williamson,NA,100,1,0,0,NA,State House District 112,Walton,297,217022,male,1
GA,113,Karla Daniels Hooper,Karla,Daniels,Hooper,NA,200,0,0,0,NA,State House District 113,Newton,217,257897,female,0.99
GA,113,Sharon Henderson,Sharon,NA,Henderson,NA,200,1,0,0,NA,State House District 113,Newton,217,489621,female,0.99
GA,114,Tim Fleming,Tim,NA,Fleming,NA,100,1,0,0,NA,State House District 114,Morgan,211,566116,male,1
GA,115,Regina Lewis-Ward,Regina,NA,Lewis-Ward,NA,200,1,0,0,NA,State House District 115,Henry,151,206407,female,0.99
GA,116,El-Mahdi Holly,El-Mahdi,NA,Holly,NA,200,1,0,0,NA,State House District 116,Henry,151,33,male,1
GA,116,Reign Stevens,Reign,NA,Stevens,NA,100,0,0,0,NA,State House District 116,Henry,151,490,female,0.57
GA,117,Mary Ann Santos,Mary,Ann,Santos,NA,200,0,0,0,NA,State House District 117,Henry,151,1353810,female,0.99
GA,118,Clint Crowe,Clint,NA,Crowe,NA,100,1,0,0,NA,State House District 118,Jasper,159,40347,male,1
GA,118,Sharonda Bell,Sharonda,NA,Bell,NA,200,0,0,0,NA,State House District 118,Jasper,159,3044,female,1
GA,119,Holt Persinger,Holt,NA,Persinger,NA,100,1,0,0,NA,State House District 119,Barrow,013,877,male,0.97
GA,120,Andrew Ferguson,Andrew,NA,Ferguson,NA,200,0,0,0,NA,State House District 120,Jackson,157,907988,male,1
GA,120,Houston Gaines,Houston,NA,Gaines,NA,100,1,0,0,NA,State House District 120,Jackson,157,4613,male,0.97
GA,121,Courtney Frisch,Courtney,NA,Frisch,NA,200,0,0,0,NA,State House District 121,Oconee,219,38978,female,0.9
GA,121,John Michael Grigsby,John,Michael,Grigsby,NA,100,0,0,0,NA,State House District 121,Oconee,219,2692560,male,1
GA,121,Marcus A. Wiedower,Marcus,A.,Wiedower,NA,100,1,0,0,NA,State House District 121,Oconee,219,227322,male,1
GA,122,Spencer Frye,Spencer,NA,Frye,NA,200,1,0,0,NA,State House District 122,Clarke,059,17040,male,0.96
GA,123,Hope S. Beard,Hope,S.,Beard,NA,200,0,0,0,NA,State House District 123,Wilkes,317,55001,female,0.92
GA,123,Rob Leverett,Rob,NA,Leverett,NA,100,1,0,0,NA,State House District 123,Wilkes,317,362047,male,1
GA,124,Melanie M Miller,Melanie,M,Miller,NA,200,0,0,0,NA,State House District 124,Oglethorpe,221,349246,female,0.99
GA,124,Rickie Glenn,Rickie,NA,Glenn,NA,200,0,0,0,NA,State House District 124,Oglethorpe,221,1401,male,0.85
GA,124,Trey Rhodes,Trey,NA,Rhodes,NA,100,1,0,0,NA,State House District 124,Oglethorpe,221,27337,male,0.99
GA,125,Gary Richardson,Gary,NA,Richardson,NA,100,0,0,0,NA,State House District 125,Columbia,073,504588,male,1
GA,125,CJ Pearson,CJ,NA,Pearson,NA,100,0,1,0,NA,State House District 125,Columbia,073,14154,male,0.81
GA,125,Kay Turner,Kay,NA,Turner,NA,200,0,0,0,NA,State House District 125,Columbia,073,46951,female,0.64
GA,126,L C Myles Jr,L,C,Myles,Jr,200,0,0,0,NA,State House District 126,Burke,033,16307,male,0.6
GA,126,William C. Harris,William,C.,Harris,NA,100,0,0,0,NA,State House District 126,Burke,033,915825,male,1
GA,127,Mark Newton,Mark,NA,Newton,NA,100,1,0,0,NA,State House District 127,Columbia,073,1378167,male,1
GA,128,Mack Jackson,Mack,NA,Jackson,NA,200,1,0,0,NA,State House District 128,Washington,303,15091,male,0.97
GA,128,Tracy Wheeler,Tracy,NA,Wheeler,NA,100,0,0,0,NA,State House District 128,Washington,303,71343,female,0.94
GA,129,Karlton L. Howard,Karlton,L.,Howard,NA,200,1,0,0,NA,State House District 129,Richmond,245,639,male,1
GA,129,Scott Cambers,Scott,NA,Cambers,NA,200,0,0,0,NA,State House District 129,Richmond,245,603708,male,1
GA,130,Lynn Gladney,Lynn,NA,Gladney,NA,200,1,0,0,NA,State House District 130,Richmond,245,54997,female,0.94
GA,131,Benjamin Shawn Cairns,Benjamin,Shawn,Cairns,NA,100,0,0,0,NA,State House District 131,Columbia,073,458549,male,1
GA,131,David Christian Byrne,David,Christian,Byrne,NA,100,0,0,0,NA,State House District 131,Columbia,073,3489607,male,1
GA,131,Paul Abbott,Paul,NA,Abbott,NA,100,0,0,0,NA,State House District 131,Columbia,073,1470730,male,1
GA,131,Rob Clifton,Rob,NA,Clifton,NA,100,0,0,0,NA,State House District 131,Columbia,073,362047,male,1
GA,131,Russell A. Wilder,Russell,A.,Wilder,NA,100,0,0,0,NA,State House District 131,Columbia,073,112849,male,1
GA,131,Heather Rose White,Heather,Rose,White,NA,200,0,0,0,NA,State House District 131,Columbia,073,351972,female,1
GA,132,Brian L. Prince,Brian,L.,Prince,NA,200,1,0,0,NA,State House District 132,Jefferson,163,860237,male,1
GA,133,Danny Mathis,Danny,NA,Mathis,NA,100,1,0,0,NA,State House District 133,Jones,169,351403,male,0.96
GA,134,Joshua Lewis,Joshua,NA,Lewis,NA,100,0,0,0,NA,State House District 134,Monroe,207,399309,male,1
GA,134,Robert L. Dickey III,Robert,L.,Dickey,III,100,1,0,0,NA,State House District 134,Monroe,207,1566661,male,1
GA,135,Beth Camp,Beth,NA,Camp,NA,100,1,0,0,NA,State House District 135,Upson,293,197155,female,1
GA,136,David Jenkins,David,NA,Jenkins,NA,100,1,0,0,NA,State House District 136,Meriwether,199,3489607,male,1
GA,136,Jeff Lowe,Jeff,NA,Lowe,NA,200,0,0,0,NA,State House District 136,Meriwether,199,556156,male,1
GA,136,Michael J. Riesen,Michael,J.,Riesen,NA,100,0,0,0,NA,State House District 136,Meriwether,199,2530843,male,1
GA,137,Carlton Mahone Sr,Carlton,Mahone,Sr,NA,200,0,0,0,NA,State House District 137,Talbot,263,14619,male,1
GA,137,Debbie G. Buckner,Debbie,G.,Buckner,NA,200,1,0,0,NA,State House District 137,Talbot,263,338942,female,1
GA,137,Stephen Acorn,Stephen,NA,Acorn,NA,100,0,0,0,NA,State House District 137,Talbot,263,562489,male,1
GA,138,Vance C. Smith Jr,Vance,C.,Smith,Jr,100,1,0,0,NA,State House District 138,Harris,145,9100,male,0.99
GA,139,Carl Sprayberry,Carl,NA,Sprayberry,NA,200,0,0,0,NA,State House District 139,Harris,145,211198,male,1
GA,139,Carmen Rice,Carmen,NA,Rice,NA,100,0,0,0,NA,State House District 139,Harris,145,481673,female,0.99
GA,139,Donald R. Moeller,Donald,R,Moeller,NA,100,0,0,0,NA,State House District 139,Harris,145,193170,male,1
GA,139,Sean Knox,Sean,NA,Knox,NA,100,0,0,0,NA,State House District 139,Harris,145,368739,male,1
GA,139,Robert Mallard,Robert,NA,Mallard,NA,300,0,0,0,Independent Write-In,State House District 139,Harris,145,1566661,male,1
GA,140,Alyssa Nia Williams,Alyssa,Nia,Williams,NA,200,0,0,0,NA,State House District 140,Muscogee,215,112726,female,1
GA,140,Tremaine Teddy Reese,Tremaine,Teddy,Reese,NA,200,1,0,0,NA,State House District 140,Muscogee,215,507,male,0.88
GA,141,Carolyn F. Hugley,Carolyn,F.,Hugley,NA,200,1,0,0,NA,State House District 141,Muscogee,215,174788,female,1
GA,142,Calvin Dennis Palmer,Calvin,Dennis,Palmer,NA,100,0,0,0,NA,State House District 142,Bibb,021,80088,male,0.99
GA,142,Miriam Paris,Miriam,NA,Paris,NA,200,1,0,0,NA,State House District 142,Bibb,021,325549,female,0.99
GA,143,Anissa Jones,Anissa,NA,Jones,NA,200,0,0,0,NA,State House District 143,Bibb,021,29945,female,0.98
GA,143,Barbara Boyer,Barbara,NA,Boyer,NA,100,0,0,0,NA,State House District 143,Bibb,021,767724,female,1
GA,144,Anita Hyland,Anita,NA,Hyland,NA,200,0,0,0,NA,State House District 144,Monroe,207,408994,female,0.99
GA,144,Dale Washburn,Dale,NA,Washburn,NA,100,1,0,0,NA,State House District 144,Monroe,207,30591,male,0.93
GA,145,Donald L. Druitt Sr,Donald,L.,Druitt,Sr,200,0,0,0,NA,State House District 145,Crawford,079,193170,male,1
GA,145,Juawn Jackson,Juawn,NA,Jackson,NA,200,0,0,0,NA,State House District 145,Crawford,079,2,male,1
GA,145,Tangie Herring,Tangie,NA,Herring,NA,200,0,0,0,NA,State House District 145,Crawford,079,931,female,0.94
GA,145,De'Ron Rogers,De'Ron,NA,Rogers,NA,100,0,0,0,NA,State House District 145,Crawford,079,22,male,1
GA,145,Nancy Hicks,Nancy,NA,Hicks,NA,100,0,0,0,NA,State House District 145,Crawford,079,668231,female,1
GA,145,Noah Redding Harbuck,Noah,Redding,Harbuck,NA,100,0,0,0,NA,State House District 145,Crawford,079,77852,male,0.97
GA,146,Shaw Blackmon,Shaw,NA,Blackmon,NA,100,1,0,0,NA,State House District 146,Houston,153,1203,male,0.77
GA,147,Ariel Phillips,Ariel,NA,Phillips,NA,200,0,0,0,NA,State House District 147,Houston,153,74669,male,0.83
GA,147,Bethany Ballard,Bethany,NA,Ballard,NA,100,1,0,0,NA,State House District 147,Houston,153,56531,female,1
GA,148,Noel W. Williams Jr,Noel,W.,Williams,Jr,100,1,0,0,NA,State House District 148,Wilcox,315,53444,male,0.93
GA,149,Floyd Griffin,Floyd,NA,Griffin,NA,200,0,0,0,NA,State House District 149,Dodge,091,19812,male,0.99
GA,149,Ken Vance,Ken,NA,Vance,NA,100,1,0,0,NA,State House District 149,Dodge,091,337251,male,0.99
GA,149,Phyllis Tufts Hightower,Phyllis,Tufts,Hightower,NA,200,0,0,0,NA,State House District 149,Dodge,091,66223,female,1
GA,150,Cary Moore,Cary,NA,Moore,NA,100,0,0,0,NA,State House District 150,Macon,193,6214,male,0.55
GA,150,Patty Marie Stinson,Patty,Marie,Stinson,NA,200,1,0,0,NA,State House District 150,Macon,193,134081,female,0.99
GA,151,Mike Cheokas,Mike,NA,Cheokas,NA,100,1,0,0,NA,State House District 151,Stewart,259,1145946,male,1
GA,152,"William J. ""Bill"" Yearta",William,"J. ""Bill""",Yearta,NA,100,1,0,0,NA,State House District 152,Worth,321,915825,male,1
GA,153,Brenda Battle,Brenda,NA,Battle,NA,100,0,0,0,NA,State House District 153,Dougherty,095,415320,female,1
GA,153,David Sampson,David,NA,Sampson,NA,200,1,0,0,NA,State House District 153,Dougherty,095,3489607,male,1
GA,153,Joshua Anthony,Joshua,NA,Anthony,NA,200,0,0,0,NA,State House District 153,Dougherty,095,399309,male,1
GA,153,Tracy Taylor,Tracy,NA,Taylor,NA,200,0,0,0,NA,State House District 153,Dougherty,095,71343,female,0.94
GA,154,Gerald E. Greene,Gerald,E.,Greene,NA,100,1,0,0,NA,State House District 154,Early,099,141168,male,1
GA,154,Othellious Cato,Othellious,NA,Cato,NA,200,0,0,0,NA,State House District 154,Early,099,NA,NA,NA
GA,155,Matt Hatchett,Matt,NA,Hatchett,NA,100,1,0,0,NA,State House District 155,Laurens,175,484010,male,1
GA,156,Leesa Hagan,Leesa,NA,Hagan,NA,100,1,0,0,NA,State House District 156,Toombs,279,4674,female,1
GA,157,"William ""Bill"" Werkheiser",William,Bill,Werkheiser,NA,100,1,0,0,NA,State House District 157,Tattnall,267,915825,male,1
GA,158,Butch Parrish,Butch,NA,Parrish,NA,100,1,0,0,NA,State House District 158,Emanuel,107,14357,male,0.99
GA,158,Madeline Ryan Smith,Madeline,Ryan,Smith,NA,200,0,0,0,NA,State House District 158,Emanuel,107,50420,female,1
GA,159,Jon G. Burns,Jon,G.,Burns,NA,100,1,0,0,NA,State House District 159,Screven,251,300528,male,0.99
GA,160,Lehman Franklin,Lehman,NA,Franklin,NA,100,1,0,0,NA,State House District 160,Bulloch,031,368,male,0.98
GA,161,Bill Hitchens,Bill,NA,Hitchens,NA,100,1,0,0,NA,State House District 161,Effingham,103,465128,male,1
GA,162,Carl W. Gilliard,Carl,W.,Gilliard,NA,200,1,0,0,NA,State House District 162,Chatham,051,211198,male,1
GA,162,Keith Padgett,Keith,NA,Padgett,NA,100,0,0,0,NA,State House District 162,Chatham,051,303116,male,1
GA,162,Tami Williams,Tami,NA,Williams,NA,100,0,0,0,NA,State House District 162,Chatham,051,41938,female,0.95
GA,163,Anne Allen Westbrook,Anne,Allen,Westbrook,NA,200,1,0,0,NA,State House District 163,Chatham,051,589293,female,0.99
GA,164,Ron Stephens,Ron,NA,Stephens,NA,100,1,0,0,NA,State House District 164,Bryan,029,314252,male,0.99
GA,165,Edna Jackson,Edna,NA,Jackson,NA,200,1,0,0,NA,State House District 165,Chatham,051,86272,female,1
GA,166,Gay Fortson,Gay,NA,Fortson,NA,200,0,0,0,NA,State House District 166,Chatham,051,4180,male,0.51
GA,166,Jesse L. Petrea,Jesse,L.,Petrea,NA,100,1,0,0,NA,State House District 166,Chatham,051,181890,male,0.98
GA,167,Buddy DeLoach,Buddy,NA,DeLoach,NA,100,1,0,0,NA,State House District 167,McIntosh,191,17455,male,0.98
GA,167,Rebekah Moore,Rebekah,NA,Moore,NA,200,0,0,0,NA,State House District 167,McIntosh,191,37575,female,1
GA,168,Al Williams,Al,NA,Williams,NA,200,1,0,0,NA,State House District 168,Liberty,179,207276,male,0.94
GA,168,Henry L. Covington,Henry,L.,Covington,NA,200,0,0,0,NA,State House District 168,Liberty,179,359457,male,0.99
GA,169,Angie O'Steen,Angie,NA,O'Steen,NA,100,0,0,0,NA,State House District 169,Coffee,069,252525,female,0.99
GA,169,Theresa R. Rewis,Theresa,R.,Rewis,NA,200,0,0,0,NA,State House District 169,Coffee,069,169772,female,1
GA,169,William E. Roberts,William,E.,Roberts,NA,100,0,0,0,NA,State House District 169,Coffee,069,915825,male,1
GA,170,Donny Roberson,Donny,NA,Roberson,NA,100,0,0,0,NA,State House District 170,Berrien,019,24150,male,0.99
GA,170,Jaclyn Dixon Ford,Jaclyn,Dixon,Ford,NA,100,0,0,0,NA,State House District 170,Berrien,019,27171,female,1
GA,171,Crosby Steen,Crosby,NA,Steen,NA,100,0,0,0,NA,State House District 171,Decatur,087,364,male,0.87
GA,171,Joe Campbell,Joe,NA,Campbell,NA,100,1,0,0,NA,State House District 171,Decatur,087,724158,male,0.99
GA,172,"Charles ""Chas"" Cannon",Charles,Chas,Cannon,NA,100,1,0,0,NA,State House District 172,Colquitt,071,575002,male,1
GA,173,Darlene K. Taylor,Darlene,K.,Taylor,NA,100,1,0,0,NA,State House District 173,Thomas,275,78646,female,1
GA,173,Theresa Thomas,Theresa,NA,Thomas,NA,200,0,0,0,NA,State House District 173,Thomas,275,169772,female,1
GA,174,John Corbett,John,NA,Corbett,NA,100,1,0,0,NA,State House District 174,Clinch,065,2692560,male,1
GA,175,Anissa Knight Wiseman,Anissa,Knight,Wiseman,NA,200,0,0,0,NA,State House District 175,Brooks,027,29945,female,0.98
GA,175,John Lahood,John,NA,Lahood,NA,100,1,0,0,NA,State House District 175,Brooks,027,2692560,male,1
GA,176,James D. Burchett,James,D.,Burchett,NA,100,1,0,0,NA,State House District 176,Atkinson,003,1458986,male,1
GA,177,Clay Griner,Clay,NA,Griner,NA,100,0,0,0,NA,State House District 177,Lowndes,185,29336,male,0.99
GA,177,Dexter Sharper,Dexter,NA,Sharper,NA,200,1,0,0,NA,State House District 177,Lowndes,185,26294,male,0.99
GA,178,Steven Meeks,Steven,NA,Meeks,NA,100,1,0,0,NA,State House District 178,Wayne,305,622799,male,1
GA,179,Rick Townsend,Rick,NA,Townsend,NA,100,1,0,0,NA,State House District 179,Glynn,127,319578,male,1
GA,180,David L. Rainer,David,L.,Rainer,NA,100,0,0,0,NA,State House District 180,Camden,039,3489607,male,1
GA,180,Glenn Cook,Glenn,NA,Cook,NA,100,0,0,0,NA,State House District 180,Camden,039,141331,male,1
GA,180,Steven Sainz,Steven,NA,Sainz,NA,100,1,0,0,NA,State House District 180,Camden,039,622799,male,1
GA,180,Defonsio Daniels,Defonsio,NA,Daniels,NA,200,0,0,0,NA,State House District 180,Camden,039,NA,NA,NA
