state,statehouse_district_number,full_name,first_name,middle_name,last_name,suffix,party_code,notes,district_name,county_name,county_fips,count,predicted_gender,gender_prob
NV,1,Daniele Monroe-Moreno,Daniele,NA,Monroe-Moreno,NA,200,NA,State House District 1,Clark,003,226214,male,0.92
NV,2,Heidi Kasama,Heidi,NA,Kasama,NA,100,NA,State House District 2,Clark,003,184989,female,1
NV,3,Selena Torres,Selena,NA,Torres,NA,200,NA,State House District 3,Clark,003,39788,female,0.99
NV,4,Richard McArthur,Richard,NA,McArthur,NA,100,NA,State House District 4,Clark,003,1163098,male,1
NV,5,Brittney Miller,Brittney,NA,Miller,NA,200,NA,State House District 5,Clark,003,37614,female,1
NV,6,Shondra Summers-Armstrong,Shondra,NA,Summers-Armstrong,NA,200,NA,State House District 6,Clark,003,706,female,1
NV,7,Cameron Miller,Cameron,NA,Miller,NA,200,NA,State House District 7,Clark,003,35922,male,0.94
NV,8,Duy Nguyen,Duy,NA,Nguyen,NA,200,NA,State House District 8,Clark,003,10899,male,0.99
NV,9,Steve Yeager,Steve,NA,Yeager,NA,200,NA,State House District 9,Clark,003,864950,male,1
NV,10,Rochelle Nguyen,Rochelle,NA,Nguyen,NA,200,"resigned on December 21, 2022",State House District 10,Clark,003,40849,female,1
NV,11,Bea Duran,Bea,NA,Duran,NA,200,NA,State House District 11,Clark,003,72535,female,0.99
NV,12,Max Carter,Max,NA,Carter,NA,200,NA,State House District 12,Clark,003,403428,male,0.99
NV,13,Brian Hibbetts,Brian,NA,Hibbetts,NA,100,NA,State House District 13,Clark,003,860237,male,1
NV,14,Erica Mosca,Erica,NA,Mosca,NA,200,NA,State House District 14,Clark,003,243089,female,1
NV,15,Howard Watts,Howard,NA,Watts,NA,200,NA,State House District 15,Clark,003,87023,male,1
NV,16,Cecelia González,Cecelia,NA,González,NA,200,NA,State House District 16,Clark,003,11356,female,1
NV,17,Clara (Claire) Thomas,Clara,(Claire),Thomas,NA,200,NA,State House District 17,Clark,003,247083,female,0.99
NV,18,Venicia Considine,Venicia,NA,Considine,NA,200,NA,State House District 18,Clark,003,403,female,0.99
NV,19,Toby Yurek,Toby,NA,Yurek,NA,100,NA,State House District 19,Clark,003,16965,male,0.91
NV,20,David Orentlicher,David,NA,Orentlicher,NA,200,NA,State House District 20,Clark,003,3489607,male,1
NV,21,Elaine Marzola,Elaine,NA,Marzola,NA,200,NA,State House District 21,Clark,003,248452,female,1
NV,22,Melissa Hardy,Melissa,NA,Hardy,NA,100,NA,State House District 22,Clark,003,645010,female,1
NV,23,Danielle Gallant,Danielle,NA,Gallant,NA,100,NA,State House District 23,Clark,003,372354,female,1
NV,24,Sarah Peters,Sarah,NA,Peters,NA,200,NA,State House District 24,Washoe,031,1283097,female,0.99
NV,25,Selena La Rue Hatch,Selena,La Rue,Hatch,NA,200,NA,State House District 25,Washoe,031,39788,female,0.99
NV,26,Rich DeLong,Rich,NA,DeLong,NA,100,NA,State House District 26,Washoe,031,114319,male,0.99
NV,27,Angie Taylor,Angie,NA,Taylor,NA,200,NA,State House District 27,Washoe,031,252525,female,0.99
NV,28,Reuben D'Silva,Reuben,NA,D'Silva,NA,200,NA,State House District 28,Clark,003,24254,male,0.99
NV,29,Lesley E Cohen,Lesley,E,Cohen,NA,200,NA,State House District 29,Clark,003,29807,female,0.88
NV,30,Natha Anderson,Natha,NA,Anderson,NA,200,NA,State House District 30,Washoe,031,1879,female,0.76
NV,31,Jill Dickman,Jill,NA,Dickman,NA,100,NA,State House District 31,Washoe,031,183633,female,1
NV,32,Alexis Hansen,Alexis,NA,Hansen,NA,100,NA,State House District 32,Humboldt,013,187474,male,0.85
NV,33,Bert Gurr,Bert,NA,Gurr,NA,100,NA,State House District 33,Elko,007,76503,male,0.99
NV,34,Shannon Bilbray-Aexlrod,Shannon,NA,Bilbray-Aexlrod,NA,200,NA,State House District 34,Clark,003,52052,female,0.9
NV,35,Michelle Gorelow,Michelle,NA,Gorelow,NA,200,NA,State House District 35,Clark,003,904069,female,1
NV,36,Gregory Hafen,Gregory,NA,Hafen,NA,100,NA,State House District 36,Clark,003,204650,male,1
NV,37,Shea Backus,Shea,NA,Backus,NA,200,NA,State House District 37,Clark,003,2926,female,0.53
NV,38,Gregory Koenig,Gregory,NA,Koenig,NA,100,NA,State House District 38,Churchill,001,204650,male,1
NV,39,Ken Gray,Ken,NA,Gray,NA,100,NA,State House District 39,Douglas,005,337251,male,0.99
NV,40,Philip O'Neill,Philip,NA,O'Neill,NA,100,NA,State House District 40,Storey,029,259670,male,1
NV,41,Sandra Jauregui,Sandra,NA,Jauregui,NA,200,NA,State House District 41,Clark,003,1411970,female,0.99
NV,42,Tracy Brown-May,Tracy,NA,Brown-May,NA,200,NA,State House District 42,Clark,003,71343,female,0.94
MI,1,Tyrone Carter,Tyrone,NA,Carter,NA,200,NA,State House District 1,Wayne,163,33670,male,1
MI,2,Tullio Liberati Jr.,Tullio,NA,Liberati,Jr.,200,NA,State House District 2,Wayne,163,5994,male,0.99
MI,3,Alabas Farhat,Alabas,NA,Farhat,NA,200,NA,State House District 3,Wayne,163,68,male,0.88
MI,4,Karen Whitsett,Karen,NA,Whitsett,NA,200,NA,State House District 4,Wayne,163,967037,female,0.99
MI,5,Natalie Price,Natalie,NA,Price,NA,200,NA,State House District 5,Oakland,125,282584,female,1
MI,6,Regina Weiss,Regina,NA,Weiss,NA,200,NA,State House District 6,Oakland,125,206407,female,0.99
MI,7,Helena Scott,Helena,NA,Scott,NA,200,NA,State House District 7,Wayne,163,209954,female,0.99
MI,8,Mike McFall,Mike,NA,McFall,NA,200,NA,State House District 8,Wayne,163,1145946,male,1
MI,9,Abraham Aiyash,Abraham,NA,Aiyash,NA,200,NA,State House District 9,Wayne,163,135569,male,0.99
MI,10,Joseph Tate,Joseph,NA,Tate,NA,200,NA,State House District 10,Wayne,163,790654,male,0.99
MI,11,Veronica Paiz,Veronica,NA,Paiz,NA,200,NA,State House District 11,Macomb,099,485708,female,1
MI,12,Kimberly Edwards,Kimberly,NA,Edwards,NA,200,NA,State House District 12,Macomb,099,311636,female,1
MI,13,Lori Stone,Lori,NA,Stone,NA,200,"ended term November 13, 2023",State House District 13,Macomb,099,212294,female,0.99
MI,14,Donavan McKinney,Donavan,NA,McKinney,NA,200,NA,State House District 14,Macomb,099,3314,male,0.99
MI,15,Erin Byrnes,Erin,NA,Byrnes,NA,200,NA,State House District 15,Wayne,163,216130,female,0.99
MI,16,Stephanie A. Young,Stephanie,A.,Young,NA,200,NA,State House District 16,Wayne,163,685051,female,1
MI,17,Laurie Pohutsky,Laurie,NA,Pohutsky,NA,200,NA,State House District 17,Wayne,163,143476,female,0.99
MI,18,Jason Hoskins,Jason,NA,Hoskins,NA,200,NA,State House District 18,Oakland,125,786241,male,1
MI,19,Samantha Steckloff,Samantha,NA,Steckloff,NA,200,NA,State House District 19,Oakland,125,416919,female,0.99
MI,20,Noah Arbit,Noah,NA,Arbit,NA,200,NA,State House District 20,Oakland,125,77852,male,0.97
MI,21,Kelly Breen,Kelly,NA,Breen,NA,200,NA,State House District 21,Oakland,125,194757,female,0.91
MI,22,Matt Koleszar,Matt,NA,Koleszar,NA,200,NA,State House District 22,Wayne,163,484010,male,1
MI,23,Jason Morgan,Jason,NA,Morgan,NA,200,NA,State House District 23,Washtenaw,161,786241,male,1
MI,24,Ranjeev Puri,Ranjeev,NA,Puri,NA,200,NA,State House District 24,Wayne,163,159,male,0.99
MI,25,Kevin Coleman,Kevin,NA,Coleman,NA,200,"ended term November 14, 2023",State House District 25,Wayne,163,1257153,male,1
MI,26,Dylan Wegela,Dylan,NA,Wegela,NA,200,NA,State House District 26,Wayne,163,188158,male,0.99
MI,27,Jaime Churches,Jaime,NA,Churches,NA,200,NA,State House District 27,Wayne,163,202646,male,0.96
MI,28,Jamie Thompson,Jamie,NA,Thompson,NA,100,NA,State House District 28,Monroe,115,107043,male,0.66
MI,29,James DeSana,James,NA,DeSana,NA,100,NA,State House District 29,Wayne,163,1458986,male,1
MI,30,William Bruck,William,NA,Bruck,NA,100,NA,State House District 30,Monroe,115,915825,male,1
MI,31,Reggie Miller,Reggie,NA,Miller,NA,200,NA,State House District 31,Monroe,115,8303,male,0.93
MI,32,Jimmie Wilson Jr.,Jimmie,NA,Wilson,Jr.,200,NA,State House District 32,Washtenaw,161,4049,male,0.92
MI,33,Felicia Brabec,Felicia,NA,Brabec,NA,200,NA,State House District 33,Washtenaw,161,90959,female,0.99
MI,34,Dale Zorn,Dale,NA,Zorn,NA,100,NA,State House District 34,Lenawee,091,30591,male,0.93
MI,35,Andrew Fink,Andrew,NA,Fink,NA,100,NA,State House District 35,Hillsdale,059,907988,male,1
MI,36,Steve Carra,Steve,NA,Carra,NA,100,NA,State House District 36,St. Joseph,149,864950,male,1
MI,37,Brad Paquette,Brad,NA,Paquette,NA,100,NA,State House District 37,Berrien,021,195732,male,1
MI,38,Joey Andrews,Joey,NA,Andrews,NA,200,NA,State House District 38,Berrien,021,59100,male,0.8
MI,39,Pauline Wendzel,Pauline,NA,Wendzel,NA,100,NA,State House District 39,Van Buren,159,236053,female,0.99
MI,40,Christine Morse,Christine,NA,Morse,NA,200,NA,State House District 40,Kalamazoo,077,668012,female,1
MI,41,Julie Rogers,Julie,NA,Rogers,NA,200,NA,State House District 41,Kalamazoo,077,754260,female,0.99
MI,42,Matt Hall,Matt,NA,Hall,NA,100,NA,State House District 42,Kalamazoo,077,484010,male,1
MI,43,Rachelle Smit,Rachelle,NA,Smit,NA,100,NA,State House District 43,Allegan,005,42027,female,0.99
MI,44,Jim Haadsma,Jim,NA,Haadsma,NA,200,NA,State House District 44,Calhoun,025,607340,male,1
MI,45,Sarah Lightner,Sarah,NA,Lightner,NA,100,NA,State House District 45,Calhoun,025,1283097,female,0.99
MI,46,Kathy Schmaltz,Kathy,NA,Schmaltz,NA,100,NA,State House District 46,Jackson,075,369756,female,1
MI,47,Carrie Rheingans,Carrie,NA,Rheingans,NA,200,NA,State House District 47,Washtenaw,161,120191,female,1
MI,48,Jennifer Conlin,Jennifer,NA,Conlin,NA,200,NA,State House District 48,Washtenaw,161,1101898,female,1
MI,49,Ann Bollin,Ann,NA,Bollin,NA,100,NA,State House District 49,Livingston,093,362757,female,0.99
MI,50,Robert Bezotte,Robert,NA,Bezotte,NA,100,NA,State House District 50,Livingston,093,1566661,male,1
MI,51,Matt Maddock,Matt,NA,Maddock,NA,100,NA,State House District 51,Oakland,125,484010,male,1
MI,52,Mike Harris,Mike,NA,Harris,NA,100,NA,State House District 52,Oakland,125,1145946,male,1
MI,53,Brenda Carter,Brenda,NA,Carter,NA,200,NA,State House District 53,Oakland,125,415320,female,1
MI,54,Donni Steele,Donni,NA,Steele,NA,100,NA,State House District 54,Oakland,125,449,male,0.83
MI,55,Mark Tisdel,Mark,NA,Tisdel,NA,100,NA,State House District 55,Oakland,125,1378167,male,1
MI,56,Sharon MacDonell,Sharon,NA,MacDonell,NA,200,NA,State House District 56,Oakland,125,489621,female,0.99
MI,57,Tom Kuhn,Tom,NA,Kuhn,NA,100,NA,State House District 57,Macomb,099,841896,male,0.99
MI,58,Nate Shannon,Nate,NA,Shannon,NA,200,NA,State House District 58,Macomb,099,20333,male,0.97
MI,59,Douglas Wozniak,Douglas,NA,Wozniak,NA,100,NA,State House District 59,Macomb,099,226153,male,1
MI,60,Joseph Aragona,Joseph,NA,Aragona,NA,100,NA,State House District 60,Macomb,099,790654,male,0.99
MI,61,Denise Mentzer,Denise,NA,Mentzer,NA,200,NA,State House District 61,Macomb,099,408243,female,1
MI,62,Alicia St. Germaine,Alicia,NA,St. Germaine,NA,100,NA,State House District 62,Macomb,099,385039,female,0.99
MI,63,Jay DeBoyer,Jay,NA,DeBoyer,NA,100,NA,State House District 63,St. Clair,147,361798,male,0.97
MI,64,Andrew Beeler,Andrew,NA,Beeler,NA,100,NA,State House District 64,St. Clair,147,907988,male,1
MI,65,Jaime Greene,Jaime,NA,Greene,NA,100,NA,State House District 65,St. Clair,147,202646,male,0.96
MI,66,Josh Schriver,Josh,NA,Schriver,NA,100,NA,State House District 66,Oakland,125,292629,male,1
MI,67,Phil Green,Phil,NA,Green,NA,100,NA,State House District 67,Lapeer,087,221477,male,0.99
MI,68,David Martin,David,NA,Martin,NA,100,NA,State House District 68,Genesee,049,3489607,male,1
MI,69,Jasper Martus,Jasper,NA,Martus,NA,200,NA,State House District 69,Genesee,049,40204,male,0.99
MI,70,Cynthia Neeley,Cynthia,NA,Neeley,NA,200,NA,State House District 70,Genesee,049,346628,female,1
MI,71,Brian BeGole,Brian,NA,BeGole,NA,100,NA,State House District 71,Shiawassee,155,860237,male,1
MI,72,Mike Mueller,Mike,NA,Mueller,NA,100,NA,State House District 72,Genesee,049,1145946,male,1
MI,73,Julie Brixie,Julie,NA,Brixie,NA,200,NA,State House District 73,Ingham,065,754260,female,0.99
MI,74,Kara Hope,Kara,NA,Hope,NA,200,NA,State House District 74,Ingham,065,75290,female,0.87
MI,75,Penelope Tsernoglou,Penelope,NA,Tsernoglou,NA,200,NA,State House District 75,Clinton,037,23234,female,0.99
MI,76,Angela Witwer,Angela,NA,Witwer,NA,200,NA,State House District 76,Eaton,045,925931,female,1
MI,77,Emily Dievendorf,Emily,NA,Dievendorf,NA,200,NA,State House District 77,Clinton,037,482802,female,1
MI,78,Gina Johnsen,Gina,NA,Johnsen,NA,100,NA,State House District 78,Ionia,067,244642,female,0.99
MI,79,Angela Rigas,Angela,NA,Rigas,NA,100,NA,State House District 79,Barry,015,925931,female,1
MI,80,Phil Skaggs,Phil,NA,Skaggs,NA,200,NA,State House District 80,Kent,081,221477,male,0.99
MI,81,Rachel Hood,Rachel,NA,Hood,NA,200,NA,State House District 81,Kent,081,509812,female,1
MI,82,Kristian Grant,Kristian,NA,Grant,NA,200,NA,State House District 82,Kent,081,27198,male,0.97
MI,83,John Fitzgerald,John,NA,Fitzgerald,NA,200,NA,State House District 83,Kent,081,2692560,male,1
MI,84,Carol Glanville,Carol,NA,Glanville,NA,200,NA,State House District 84,Kent,081,476340,female,0.99
MI,85,Bradley Slagh,Bradley,NA,Slagh,NA,100,NA,State House District 85,Ottawa,139,90017,male,1
MI,86,Nancy De Boer,Nancy,NA,DeBoer,NA,100,NA,State House District 86,Ottawa,139,668231,female,1
MI,87,Will Snyder,Will,NA,Snyder,NA,200,NA,State House District 87,Muskegon,121,168243,male,0.99
MI,88,Greg VanWoerkom,Greg,NA,VanWoerkom,NA,100,NA,State House District 88,Ottawa,139,385841,male,1
MI,89,Luke Meerman,Luke,NA,Meerman,NA,100,NA,State House District 89,Ottawa,139,205280,male,1
MI,90,Bryan Posthumus,Bryan,NA,Posthumus,NA,100,NA,State House District 90,Kent,081,316081,male,1
MI,91,Pat Outman,Pat,NA,Outman,NA,100,NA,State House District 91,Montcalm,117,93631,male,0.51
MI,92,Jerry Neyer,Jerry,NA,Neyer,NA,100,NA,State House District 92,Isabella,073,306465,male,0.99
MI,93,Graham Filler,Graham,NA,Filler,NA,100,NA,State House District 93,Saginaw,145,124088,male,1
MI,94,Amos O'Neal,Amos,NA,O'Neal,NA,200,NA,State House District 94,Saginaw,145,37699,male,0.98
MI,95,Bill Schuette,Bill,NA,Schuette,NA,100,NA,State House District 95,Midland,111,465128,male,1
MI,96,Timothy Beson,Timothy,NA,Beson,NA,100,NA,State House District 96,Bay,017,226613,male,1
MI,97,Matthew Bierlein,Matthew,NA,Bierlein,NA,100,NA,State House District 97,Tuscola,157,653710,male,1
MI,98,Gregory Alexander,Gregory,NA,Alexander,NA,100,NA,State House District 98,Huron,063,204650,male,1
MI,99,Mike Hoadley,Mike,NA,Hoadley,NA,100,NA,State House District 99,Iosco,069,1145946,male,1
MI,100,Tom Kunse,Tom,NA,Kunse,NA,100,NA,State House District 100,Osceola,133,841896,male,0.99
MI,101,Joseph Fox,Joseph,NA,Fox,NA,100,NA,State House District 101,Newaygo,123,790654,male,0.99
MI,102,Curtis VanderWall,Curtis,NA,VanderWall,NA,100,NA,State House District 102,Oceana,127,78125,male,1
MI,103,Betsy Coffia,Betsy,NA,Coffia,NA,200,NA,State House District 103,Leelanau,089,53430,female,1
MI,104,John Roth,John,NA,Roth,NA,100,NA,State House District 104,Benzie,019,2692560,male,1
MI,105,Ken Borton,Ken,NA,Borton,NA,100,NA,State House District 105,Roscommon,143,337251,male,0.99
MI,106,Cam Cavitt,Cam,NA,Cavitt,NA,100,NA,State House District 106,Presque Isle,141,10225,male,0.63
MI,107,Neil Friske,Neil,NA,Friske,NA,100,NA,State House District 107,Mackinac,097,206722,male,1
MI,108,Dave Prestin,Dave,NA,Prestin,NA,100,NA,State House District 108,Delta,041,515066,male,1
MI,109,Jenn Hill,Jenn,NA,Hill,NA,200,NA,State House District 109,Alger,003,39556,female,0.99
MI,110,Gregory Markkanen,Gregory,NA,Markkanen,NA,100,NA,State House District 110,Keweenaw,083,204650,male,1
GA,1,Mike Cameron,Mike,NA,Cameron,NA,100,NA,State House District 1,Walker,295,1145946,male,1
GA,2,Steve Tarvin,Steve,NA,Tarvin,NA,100,NA,State House District 2,Walker,295,864950,male,1
GA,3,Mitchell Horner,Mitchell,NA,Horner,NA,100,NA,State House District 3,Catoosa,047,70749,male,0.99
GA,4,Kasey Carpenter,Kasey,NA,Carpenter,NA,100,NA,State House District 4,Whitfield,313,4917,female,0.74
GA,5,Matt Barton,Matt,NA,Barton,NA,100,NA,State House District 5,Gordon,129,484010,male,1
GA,6,Jason Ridley,Jason,NA,Ridley,NA,100,NA,State House District 6,Murray,213,786241,male,1
GA,7,Johnny Chastain,Johnny,NA,Chastain,NA,100,NA,State House District 7,Gilmer,123,225733,male,0.99
GA,8,Stan Gunter,Stan,NA,Gunter,NA,100,NA,State House District 8,Union,291,81520,male,0.98
GA,9,Will Wade,Will,NA,Wade,NA,100,NA,State House District 9,Lumpkin,187,168243,male,0.99
GA,10,Victor Anderson,Victor,NA,Anderson,NA,100,NA,State House District 10,Rabun,241,914605,male,1
GA,11,Rick Jasperse,Rick,NA,Jasperse,NA,100,NA,State House District 11,Pickens,227,319578,male,1
GA,12,Eddie Lumsden,Eddie,NA,Lumsden,NA,100,NA,State House District 12,Floyd,115,63313,male,0.98
GA,13,Katie Dempsey,Katie,NA,Dempsey,NA,100,NA,State House District 13,Floyd,115,327142,female,1
GA,14,Mitchell Scoggins,Mitchell,NA,Scoggins,NA,100,NA,State House District 14,Bartow,015,70749,male,0.99
GA,15,Matthew Gambill,Matthew,NA,Gambill,NA,100,NA,State House District 15,Bartow,015,653710,male,1
GA,16,Trey Kelley,Trey,NA,Kelley,NA,100,NA,State House District 16,Polk,233,27337,male,0.99
GA,17,Martin Momtahan,Martin,NA,Momtahan,NA,100,NA,State House District 17,Paulding,223,1077102,male,0.99
GA,18,Tyler Paul Smith,Tyler,Paul,Smith,NA,100,NA,State House District 18,Haralson,143,216488,male,0.99
GA,19,Joseph Gullett,Joseph,NA,Gullett,NA,100,NA,State House District 19,Paulding,223,790654,male,0.99
GA,20,Charlice Byrd,Charlice,NA,Byrd,NA,100,NA,State House District 20,Cherokee,057,96,female,0.97
GA,21,Brad Thomas,Brad,NA,Thomas,NA,100,NA,State House District 21,Cherokee,057,195732,male,1
GA,22,Jordan Ridley,Jordan,NA,Ridley,NA,100,NA,State House District 22,Cherokee,057,148590,male,0.9
GA,23,Mandi Ballinger,Mandi,NA,Ballinger,NA,100,NA,State House District 23,Cherokee,057,15146,female,0.88
GA,24,Carter Barrett,Carter,NA,Barrett,NA,100,NA,State House District 24,Forsyth,117,7104,male,0.93
GA,25,Todd Jones,Todd,NA,Jones,NA,100,NA,State House District 25,Forsyth,117,179593,male,1
GA,26,Lauren McDonald III,Lauren,NA,McDonald,III,100,NA,State House District 26,Forsyth,117,353212,female,0.99
GA,27,Lee Hawkins,Lee,NA,Hawkins,NA,100,NA,State House District 27,Hall,139,175388,male,0.75
GA,28,Brent Cox,Brent,NA,Cox,NA,100,NA,State House District 28,Forsyth,117,101316,male,1
GA,29,Matt Dubnik,Matt,NA,Dubnik,NA,100,NA,State House District 29,Hall,139,484010,male,1
GA,30,Derrick McCollum,Derrick,NA,McCollum,NA,100,NA,State House District 30,Hall,139,74422,male,1
GA,31,Emory Dunahoo,Emory,NA,Dunahoo,NA,100,NA,State House District 31,Jackson,157,606,male,0.83
GA,32,Chris Erwin,Chris,NA,Erwin,NA,100,NA,State House District 32,Banks,011,558338,male,0.91
GA,33,Alan Powell,Alan,NA,Powell,NA,100,NA,State House District 33,Franklin,119,513691,male,1
GA,34,Devan Seabaugh,Devan,NA,Seabaugh,NA,100,NA,State House District 34,Cobb,067,3463,male,0.85
GA,35,Lisa Campbell,Lisa,NA,Campbell,NA,200,NA,State House District 35,Cobb,067,990101,female,1
GA,36,Ginny Ehrhart,Ginny,NA,Ehrhart,NA,100,NA,State House District 36,Cobb,067,27376,female,1
GA,37,Mary Frances Williams,Mary,Frances,Williams,NA,200,NA,State House District 37,Cobb,067,1353810,female,0.99
GA,38,David Wilkerson,David,NA,Wilkerson,NA,200,NA,State House District 38,Cobb,067,3489607,male,1
GA,39,Terry Cummings,Terry,NA,Cummings,NA,200,NA,State House District 39,Cobb,067,89955,male,0.75
GA,40,Doug Stoner,Doug,NA,Stoner,NA,200,NA,State House District 40,Cobb,067,185436,male,1
GA,41,Michael Smith,Michael,NA,Smith,NA,200,NA,State House District 41,Cobb,067,2530843,male,1
GA,42,Teri Anulewicz,Teri,NA,Anulewicz,NA,200,NA,State House District 42,Cobb,067,42885,female,0.99
GA,43,Solomon Adesanya,Solomon,NA,Adesanya,NA,200,NA,State House District 43,Cobb,067,62222,male,0.98
GA,44,Don Parsons,Don,NA,Parsons,NA,100,NA,State House District 44,Cobb,067,307854,male,0.99
GA,45,Sharon Cooper,Sharon,NA,Cooper,NA,100,NA,State House District 45,Cobb,067,489621,female,0.99
GA,46,John Carson,John,NA,Carson,NA,100,NA,State House District 46,Cobb,067,2692560,male,1
GA,47,Jan Jones,Jan,NA,Jones,NA,100,NA,State House District 47,Fulton,121,343839,male,0.89
GA,48,Scott Hilton,Scott,NA,Hilton,NA,100,NA,State House District 48,Fulton,121,603708,male,1
GA,49,Chuck Martin,Chuck,NA,Martin,NA,100,NA,State House District 49,Fulton,121,109325,male,1
GA,50,Michelle Au,Michelle,NA,Au,NA,200,NA,State House District 50,Fulton,121,904069,female,1
GA,51,Esther Pantich,Esther,NA,Pantich,NA,200,NA,State House District 51,Fulton,121,351229,female,0.99
GA,52,Shea Roberts,Shea,NA,Roberts,NA,200,NA,State House District 52,Fulton,121,2926,female,0.53
GA,53,Deborah Silcox,Deborah,NA,Silcox,NA,100,NA,State House District 53,Fulton,121,329984,female,1
GA,54,Betsy Holland,Betsy,NA,Holland,NA,200,NA,State House District 54,Fulton,121,53430,female,1
GA,55,Inga Willis,Inga,NA,Willis,NA,200,NA,State House District 55,Fulton,121,38367,female,0.98
GA,56,Mesha Mainor,Mesha,NA,Mainor,NA,100,NA,State House District 56,Fulton,121,1903,female,0.91
GA,57,Stacey Evans,Stacey,NA,Evans,NA,200,NA,State House District 57,Fulton,121,35043,female,0.96
GA,58,Park Cannon,Park,NA,Cannon,NA,200,NA,State House District 58,Fulton,121,15339,male,0.8
GA,59,Phil Olaleye,Phil,NA,Olaleye,NA,200,NA,State House District 59,Fulton,121,221477,male,0.99
GA,60,Shelila Jones,Shelila,NA,Jones,NA,200,NA,State House District 60,Fulton,121,6,female,0.67
GA,61,Roger Bruce,Roger,NA,Bruce,NA,200,NA,State House District 61,Douglas,097,377833,male,1
GA,62,Tanya F Miller,Tanya,F,Miller,NA,200,NA,State House District 62,Fulton,121,170698,female,1
GA,63,Kim Schofield,Kim,NA,Schofield,NA,200,NA,State House District 63,Fulton,121,196245,female,0.75
GA,64,Kimberly New,Kimberly,NA,New,NA,100,NA,State House District 64,Douglas,097,311636,female,1
GA,65,Mandisha A. Thomas,Mandisha,A.,Thomas,NA,200,NA,State House District 65,Fulton,121,49,female,0.98
GA,66,Kimberly Alexander,Kimberly,NA,Alexander,NA,200,NA,State House District 66,Douglas,097,311636,female,1
GA,67,Lydia Glaize,Lydia,NA,Glaize,NA,200,NA,State House District 67,Fulton,121,162110,female,0.99
GA,68,Tish Naghise,Tish,NA,Naghise,NA,200,served until 03/07/2023,State House District 68,Fayette,113,6348,female,0.98
GA,68,Derrick Jackson,Derrick,NA,Jackson,NA,200,NA,State House District 68,Fayette,113,74422,male,1
GA,69,Debra Bazemore,Debra,NA,Bazemore,NA,200,NA,State House District 69,Fayette,113,156684,female,1
GA,70,Lynn Smith,Lynn,NA,Smith,NA,100,NA,State House District 70,Coweta,077,54997,female,0.94
GA,71,J Collins,J,NA,Collins,NA,100,NA,State House District 71,Carroll,045,52399,male,0.88
GA,72,David Huddleston,David,NA,Huddleston,NA,100,NA,State House District 72,Heard,149,3489607,male,1
GA,73,Josh Bonner,Josh,NA,Bonner,NA,100,NA,State House District 73,Coweta,077,292629,male,1
GA,74,Karen Mathiak,Karen,NA,Mathiak,NA,100,NA,State House District 74,Spalding,255,967037,female,0.99
GA,75,Mike Glanton,Mike,NA,Glanton,NA,200,served until 01/17/2023,State House District 75,Clayton,063,1145946,male,1
GA,75,Eric Bell,Eric,NA,Bell,NA,200,NA,State House District 75,Clayton,063,980705,male,1
GA,76,Sandra Scott,Sandra,NA,Scott,NA,200,NA,State House District 76,Clayton,063,1411970,female,0.99
GA,77,Rhonda Burnough,Rhonda,NA,Burnough,NA,200,NA,State House District 77,Clayton,063,99130,female,1
GA,78,Demetrius Douglas,Demetrius,NA,Douglas,NA,200,NA,State House District 78,Clayton,063,3361,male,0.97
GA,79,Yasmin Neal,Yasmin,NA,Neal,NA,200,NA,State House District 79,Clayton,063,128046,female,0.98
GA,80,Long Tran,Long,NA,Tran,NA,200,NA,State House District 80,DeKalb,089,25966,male,0.96
GA,81,Scott Holcomb,Scott,NA,Holcomb,NA,200,NA,State House District 81,DeKalb,089,603708,male,1
GA,82,Mary Margaret Oliver,Mary,Margaret,Oliver,NA,200,NA,State House District 82,DeKalb,089,1353810,female,0.99
GA,83,Karen Lupton,Karen,NA,Lupton,NA,200,NA,State House District 83,DeKalb,089,967037,female,0.99
GA,84,Omari Crawford,Omari,NA,Crawford,NA,200,NA,State House District 84,DeKalb,089,2669,male,0.89
GA,85,Karla Drenner,Karla,NA,Drenner,NA,200,NA,State House District 85,DeKalb,089,257897,female,0.99
GA,86,Imani Barnes,Imani,NA,Barnes,NA,200,NA,State House District 86,DeKalb,089,2762,female,0.86
GA,87,Viola Davis,Viola,NA,Davis,NA,200,NA,State House District 87,DeKalb,089,59183,female,0.99
GA,88,Billy Mitchell,Billy,NA,Mitchell,NA,200,NA,State House District 88,DeKalb,089,162483,male,0.98
GA,89,Becky Evans,Becky,NA,Evans,NA,200,NA,State House District 89,DeKalb,089,157589,female,1
GA,90,Saira Draper,Saira,NA,Draper,NA,200,NA,State House District 90,DeKalb,089,17113,female,0.98
GA,91,Angela Moore,Angela,NA,Moore,NA,200,NA,State House District 91,Henry,151,925931,female,1
GA,92,Rhonda Taylor,Rhonda,NA,Taylor,NA,200,NA,State House District 92,Rockdale,247,99130,female,1
GA,93,Doreen Carter,Doreen,NA,Carter,NA,200,NA,State House District 93,Newton,217,60355,female,0.99
GA,94,Karen Bennett,Karen,NA,Bennett,NA,200,NA,State House District 94,Gwinnett,135,967037,female,0.99
GA,95,Dar'shun Kendrick,Dar'shun,NA,Kendrick,NA,200,NA,State House District 95,Rockdale,247,NA,NA,NA
GA,96,"Pedro ""Pete"" Marin",Pedro,Pete,Marin,NA,200,NA,State House District 96,Gwinnett,135,952299,male,0.99
GA,97,Ruwa Romman,Ruwa,NA,Romman,NA,200,NA,State House District 97,Gwinnett,135,79,female,0.58
GA,98,Marvin Lim,Marvin,NA,Lim,NA,200,NA,State House District 98,Gwinnett,135,134456,male,0.99
GA,99,Matt Reeves,Matt,NA,Reeves,NA,100,NA,State House District 99,Gwinnett,135,484010,male,1
GA,100,David Clark,David,NA,Clark,NA,100,NA,State House District 100,Gwinnett,135,3489607,male,1
GA,101,Gregg Kennard,Gregg,NA,Kennard,NA,200,NA,State House District 101,Gwinnett,135,31399,male,1
GA,102,Gabe Okoye,Gabe,NA,Okoye,NA,200,NA,State House District 102,Gwinnett,135,23740,male,0.99
GA,103,Soo Hong,Soo,NA,Hong,NA,100,NA,State House District 103,Gwinnett,135,11385,female,0.69
GA,104,Chuck Efstration,Chuck,NA,Efstration,NA,100,NA,State House District 104,Barrow,013,109325,male,1
GA,105,Farooq Mughal,Farooq,NA,Mughal,NA,200,NA,State House District 105,Gwinnett,135,25643,male,0.98
GA,106,Shelly Hutchinson,Shelly,NA,Hutchinson,NA,200,NA,State House District 106,Gwinnett,135,20492,female,0.97
GA,107,Sam Park,Sam,NA,Park,NA,200,NA,State House District 107,Gwinnett,135,645671,male,0.9
GA,108,Jasmine Clark,Jasmine,NA,Clark,NA,200,NA,State House District 108,Gwinnett,135,163228,female,0.99
GA,109,Dewey McClain,Dewey,NA,McClain,NA,200,NA,State House District 109,Gwinnett,135,4965,male,0.99
GA,110,Segun Adeyina,Segun,NA,Adeyina,NA,200,NA,State House District 110,Gwinnett,135,11383,male,0.98
GA,111,"Reynaldo ""Rey"" Martinez",Reynaldo,Rey,Martinez,NA,100,NA,State House District 111,Walton,297,45248,male,1
GA,112,Bruce Williamson,Bruce,NA,Williamson,NA,100,NA,State House District 112,Walton,297,217022,male,1
GA,113,Sharon Henderson,Sharon,NA,Henderson,NA,200,NA,State House District 113,Newton,217,489621,female,0.99
GA,114,Tim Fleming,Tim,NA,Fleming,NA,100,NA,State House District 114,Morgan,211,566116,male,1
GA,115,Regina Lewis-Ward,Regina,NA,Lewis-Ward,NA,200,NA,State House District 115,Henry,151,206407,female,0.99
GA,116,El-Mahdi Holly,El-Mahdi,NA,Holly,NA,200,NA,State House District 116,Henry,151,33,male,1
GA,117,Lauren Daniel,Lauren,NA,Daniel,NA,100,NA,State House District 117,Henry,151,353212,female,0.99
GA,118,Clint Crowe,Clint,NA,Crowe,NA,100,NA,State House District 118,Jasper,159,40347,male,1
GA,119,Holt Persinger,Holt,NA,Persinger,NA,100,NA,State House District 119,Barrow,013,877,male,0.97
GA,120,Houston Gaines,Houston,NA,Gaines,NA,100,NA,State House District 120,Jackson,157,4613,male,0.97
GA,121,Marcus Wiedower,Marcus,NA,Wiedower,NA,100,NA,State House District 121,Oconee,219,227322,male,1
GA,122,Spencer Frye,Spencer,NA,Frye,NA,100,NA,State House District 122,Clarke,059,17040,male,0.96
GA,123,Rob Leverett,Rob,NA,Leverett,NA,100,NA,State House District 123,Wilkes,317,362047,male,1
GA,124,Trey Rhodes,Trey,NA,Rhodes,NA,100,NA,State House District 124,Oglethorpe,221,27337,male,0.99
GA,125,Barry Fleming,Barry,NA,Fleming,NA,100,served until 01/09/2024,State House District 125,Columbia,073,180793,male,0.99
GA,125,Gary Richardson,Gary,NA,Richardson,NA,100,NA,State House District 125,Columbia,073,504588,male,1
GA,126,Gloria Frazier,Gloria,NA,Frazier,NA,200,NA,State House District 126,Burke,033,440764,female,0.99
GA,127,Mark Newton,Mark,NA,Newton,NA,100,NA,State House District 127,Columbia,073,1378167,male,1
GA,128,Mack Jackson,Mack,NA,Jackson,NA,200,NA,State House District 128,Washington,303,15091,male,0.97
GA,129,Karlton Howard,Karlton,NA,Howard,NA,200,NA,State House District 129,Richmond,245,639,male,1
GA,130,Lynn Heffner,Lynn,NA,Heffner,NA,200,NA,State House District 130,Richmond,245,54997,female,0.94
GA,131,Jodi Lott,Jodi,NA,Lott,NA,100,NA,State House District 131,Columbia,073,58753,female,0.99
GA,132,Brian Prince,Brian,NA,Prince,NA,200,NA,State House District 132,Jefferson,163,860237,male,1
GA,133,Ken Vance,Ken,NA,Vance,NA,100,NA,State House District 133,Jones,169,337251,male,0.99
GA,134,David Knight,David,NA,Knight,NA,100,NA,State House District 134,Monroe,207,3489607,male,1
GA,135,Beth Camp,Beth,NA,Camp,NA,100,NA,State House District 135,Upson,293,197155,female,1
GA,136,David Jenkins,David,NA,Jenkins,NA,100,NA,State House District 136,Meriwether,199,3489607,male,1
GA,137,Debbie Buckner,Debbie,NA,Buckner,NA,200,NA,State House District 137,Talbot,263,338942,female,1
GA,138,Vance Smith,Vance,NA,Smith,NA,100,NA,State House District 138,Harris,145,9100,male,0.99
GA,139,Carmen Rice,Carmen,NA,Rice,NA,100,NA,State House District 139,Harris,145,481673,female,0.99
GA,139,Richard Smith,Richard,NA,Smith,NA,100,served until 01/29/2024,State House District 139,Harris,145,1163098,male,1
GA,140,Tremaine Teddy Reese,Tremaine,Teddy,Reese,NA,200,NA,State House District 140,Muscogee,215,507,male,0.88
GA,141,Carolyn Hugley,Carolyn,NA,Hugley,NA,200,NA,State House District 141,Muscogee,215,174788,female,1
GA,142,Miriam Paris,Miriam,NA,Paris,NA,200,NA,State House District 142,Bibb,021,325549,female,0.99
GA,143,James Beverly,James,NA,Beverly,NA,200,NA,State House District 143,Bibb,021,1458986,male,1
GA,144,Dale Washburn,Dale,NA,Washburn,NA,100,NA,State House District 144,Monroe,207,30591,male,0.93
GA,145,Robert Dickey,Robert,NA,Dickey,NA,100,NA,State House District 145,Crawford,079,1566661,male,1
GA,146,Shaw Blackmon,Shaw,NA,Blackmon,NA,100,NA,State House District 146,Houston,153,1203,male,0.77
GA,147,Bethany Ballard,Bethany,NA,Ballard,NA,100,NA,State House District 147,Houston,153,56531,female,1
GA,148,Noel Williams Jr.,Noel,NA,Williams,Jr.,100,NA,State House District 148,Wilcox,315,53444,male,0.93
GA,149,Danny Mathis,Danny,NA,Mathis,NA,100,NA,State House District 149,Dodge,091,351403,male,0.96
GA,150,Patty Marie Stinson,Patty,Marie,Stinson,NA,200,NA,State House District 150,Macon,193,134081,female,0.99
GA,151,Mike Cheokas,Mike,NA,Cheokas,NA,100,NA,State House District 151,Stewart,259,1145946,male,1
GA,152,Bill Yearta,Bill,NA,Yearta,NA,100,NA,State House District 152,Worth,321,465128,male,1
GA,153,David Sampson,David,NA,Sampson,NA,200,NA,State House District 153,Dougherty,095,3489607,male,1
GA,154,Gerald Greene,Gerald,NA,Greene,NA,100,NA,State House District 154,Early,099,141168,male,1
GA,155,Matt Hatchett,Matt,NA,Hatchett,NA,100,NA,State House District 155,Laurens,175,484010,male,1
GA,156,Leesa Hagan,Leesa,NA,Hagan,NA,100,NA,State House District 156,Toombs,279,4674,female,1
GA,157,Bill Werkheiser,Bill,NA,Werkheiser,NA,100,NA,State House District 157,Tattnall,267,465128,male,1
GA,158,Butch Parrish,Butch,NA,Parrish,NA,100,NA,State House District 158,Emanuel,107,14357,male,0.99
GA,159,Jon Burns,Jon,NA,Burns,NA,100,NA,State House District 159,Screven,251,300528,male,0.99
GA,160,Lehman Franklin,Lehman,NA,Franklin,NA,100,NA,State House District 160,Bulloch,031,368,male,0.98
GA,161,Bill Hitchens,Bill,NA,Hitchens,NA,100,NA,State House District 161,Effingham,103,465128,male,1
GA,162,Carl Gilliard,Carl,NA,Gilliard,NA,200,NA,State House District 162,Chatham,051,211198,male,1
GA,163,Anne Allen Westbrook,Anne,Allen,Westbrook,NA,200,NA,State House District 163,Chatham,051,589293,female,0.99
GA,164,Ron Stephens,Ron,NA,Stephens,NA,100,NA,State House District 164,Bryan,029,314252,male,0.99
GA,165,Edna Jackson,Edna,NA,Jackson,NA,200,NA,State House District 165,Chatham,051,86272,female,1
GA,166,Jesse Petrea,Jesse,NA,Petrea,NA,100,NA,State House District 166,Chatham,051,181890,male,0.98
GA,167,Buddy DeLoach,Buddy,NA,DeLoach,NA,100,NA,State House District 167,McIntosh,191,17455,male,0.98
GA,168,Al Williams,Al,NA,Williams,NA,200,NA,State House District 168,Liberty,179,207276,male,0.94
GA,169,Clay Pirkle,Clay,NA,Pirkle,NA,100,NA,State House District 169,Coffee,069,29336,male,0.99
GA,170,Penny Houston,Penny,NA,Houston,NA,100,NA,State House District 170,Berrien,019,87275,female,0.99
GA,171,Joe Campbell,Joe,NA,Campbell,NA,100,NA,State House District 171,Decatur,087,724158,male,0.99
GA,172,Chas Cannon,Chas,NA,Cannon,NA,100,NA,State House District 172,Colquitt,071,5516,male,0.97
GA,173,Darlene Taylor,Darlene,NA,Taylor,NA,100,NA,State House District 173,Thomas,275,78646,female,1
GA,174,John Corbett,John,NA,Corbett,NA,100,NA,State House District 174,Clinch,065,2692560,male,1
GA,175,John LaHood,John,NA,LaHood,NA,100,NA,State House District 175,Brooks,027,2692560,male,1
GA,176,James Burchett,James,NA,Burchett,NA,100,NA,State House District 176,Atkinson,003,1458986,male,1
GA,177,Dexter Sharper,Dexter,NA,Sharper,NA,200,NA,State House District 177,Lowndes,185,26294,male,0.99
GA,178,Steven Meeks,Steven,NA,Meeks,NA,100,NA,State House District 178,Wayne,305,622799,male,1
GA,179,Rick Townsend,Rick,NA,Townsend,NA,100,NA,State House District 179,Glynn,127,319578,male,1
GA,180,Steven Sainz,Steven,NA,Sainz,NA,100,NA,State House District 180,Camden,039,622799,male,1
